rate_date	base_currency	quote_currency	spot_rate	bid_rate	ask_rate	central_bank_fixing
2025-01-01	USD	EUR	0.9007	0.9003	0.9011	0.9007
2025-01-01	USD	GBP	0.773	0.7725	0.7735	0.773
2025-01-01	USD	INR	84.5173	84.4673	84.5673	84.5173
2025-01-01	USD	JPY	148.1082	147.9582	148.2582	148.1082
2025-01-01	USD	CAD	1.3395	1.3387	1.3403	1.3395
2025-01-01	USD	AUD	1.5021	1.5011	1.5031	1.5021
2025-01-01	USD	CHF	0.8921	0.8916	0.8926	0.8921
2025-01-01	USD	SGD	1.3083	1.3077	1.3089	1.3083
2025-01-02	USD	EUR	0.9407	0.9403	0.9411	0.9407
2025-01-02	USD	GBP	0.7739	0.7734	0.7744	0.7739
2025-01-02	USD	INR	82.2877	82.2377	82.3377	82.2877
2025-01-02	USD	JPY	143.2647	143.1147	143.4147	143.2647
2025-01-02	USD	CAD	1.3346	1.3338	1.3354	1.3346
2025-01-02	USD	AUD	1.4957	1.4947	1.4967	1.4957
2025-01-02	USD	CHF	0.8766	0.8761	0.8771	0.8766
2025-01-02	USD	SGD	1.3171	1.3165	1.3177	1.3171
2025-01-03	USD	EUR	0.9309	0.9305	0.9313	0.9309
2025-01-03	USD	GBP	0.803	0.8025	0.8035	0.803
2025-01-03	USD	INR	81.1162	81.0662	81.1662	81.1162
2025-01-03	USD	JPY	141.2406	141.0906	141.3906	141.2406
2025-01-03	USD	CAD	1.3577	1.3569	1.3585	1.3577
2025-01-03	USD	AUD	1.4849	1.4839	1.4859	1.4849
2025-01-03	USD	CHF	0.8546	0.8541	0.8551	0.8546
2025-01-03	USD	SGD	1.3695	1.3689	1.3701	1.3695
2025-01-04	USD	EUR	0.9161	0.9157	0.9165	0.9161
2025-01-04	USD	GBP	0.7826	0.7821	0.7831	0.7826
2025-01-04	USD	INR	84.3407	84.2907	84.3907	84.3407
2025-01-04	USD	JPY	141.1658	141.0158	141.3158	141.1658
2025-01-04	USD	CAD	1.3364	1.3356	1.3372	1.3364
2025-01-04	USD	AUD	1.4953	1.4943	1.4963	1.4953
2025-01-04	USD	CHF	0.8654	0.8649	0.8659	0.8654
2025-01-04	USD	SGD	1.3522	1.3516	1.3528	1.3522
2025-01-05	USD	EUR	0.9341	0.9337	0.9345	0.9341
2025-01-05	USD	GBP	0.7805	0.78	0.781	0.7805
2025-01-05	USD	INR	80.8311	80.7811	80.8811	80.8311
2025-01-05	USD	JPY	145.4598	145.3098	145.6098	145.4598
2025-01-05	USD	CAD	1.3509	1.3501	1.3517	1.3509
2025-01-05	USD	AUD	1.5269	1.5259	1.5279	1.5269
2025-01-05	USD	CHF	0.8962	0.8957	0.8967	0.8962
2025-01-05	USD	SGD	1.3113	1.3107	1.3119	1.3113
2025-01-06	USD	EUR	0.9242	0.9238	0.9246	0.9242
2025-01-06	USD	GBP	0.7677	0.7672	0.7682	0.7677
2025-01-06	USD	INR	80.7694	80.7194	80.8194	80.7694
2025-01-06	USD	JPY	146.5383	146.3883	146.6883	146.5383
2025-01-06	USD	CAD	1.3304	1.3296	1.3312	1.3304
2025-01-06	USD	AUD	1.4913	1.4903	1.4923	1.4913
2025-01-06	USD	CHF	0.8877	0.8872	0.8882	0.8877
2025-01-06	USD	SGD	1.3343	1.3337	1.3349	1.3343
2025-01-07	USD	EUR	0.9262	0.9258	0.9266	0.9262
2025-01-07	USD	GBP	0.8057	0.8052	0.8062	0.8057
2025-01-07	USD	INR	81.307	81.257	81.357	81.307
2025-01-07	USD	JPY	147.1285	146.9785	147.2785	147.1285
2025-01-07	USD	CAD	1.3902	1.3894	1.391	1.3902
2025-01-07	USD	AUD	1.4832	1.4822	1.4842	1.4832
2025-01-07	USD	CHF	0.8688	0.8683	0.8693	0.8688
2025-01-07	USD	SGD	1.3654	1.3648	1.366	1.3654
2025-01-08	USD	EUR	0.9323	0.9319	0.9327	0.9323
2025-01-08	USD	GBP	0.7839	0.7834	0.7844	0.7839
2025-01-08	USD	INR	83.6367	83.5867	83.6867	83.6367
2025-01-08	USD	JPY	140.3002	140.1502	140.4502	140.3002
2025-01-08	USD	CAD	1.3397	1.3389	1.3405	1.3397
2025-01-08	USD	AUD	1.558	1.557	1.559	1.558
2025-01-08	USD	CHF	0.8777	0.8772	0.8782	0.8777
2025-01-08	USD	SGD	1.3387	1.3381	1.3393	1.3387
2025-01-09	USD	EUR	0.9095	0.9091	0.9099	0.9095
2025-01-09	USD	GBP	0.803	0.8025	0.8035	0.803
2025-01-09	USD	INR	85.2828	85.2328	85.3328	85.2828
2025-01-09	USD	JPY	141.0301	140.8801	141.1801	141.0301
2025-01-09	USD	CAD	1.3213	1.3205	1.3221	1.3213
2025-01-09	USD	AUD	1.5527	1.5517	1.5537	1.5527
2025-01-09	USD	CHF	0.8675	0.867	0.868	0.8675
2025-01-09	USD	SGD	1.3326	1.332	1.3332	1.3326
2025-01-10	USD	EUR	0.8984	0.898	0.8988	0.8984
2025-01-10	USD	GBP	0.8038	0.8033	0.8043	0.8038
2025-01-10	USD	INR	81.6606	81.6106	81.7106	81.6606
2025-01-10	USD	JPY	145.7674	145.6174	145.9174	145.7674
2025-01-10	USD	CAD	1.3463	1.3455	1.3471	1.3463
2025-01-10	USD	AUD	1.4795	1.4785	1.4805	1.4795
2025-01-10	USD	CHF	0.8716	0.8711	0.8721	0.8716
2025-01-10	USD	SGD	1.3219	1.3213	1.3225	1.3219
2025-01-11	USD	EUR	0.9355	0.9351	0.9359	0.9355
2025-01-11	USD	GBP	0.7839	0.7834	0.7844	0.7839
2025-01-11	USD	INR	81.9327	81.8827	81.9827	81.9327
2025-01-11	USD	JPY	140.4923	140.3423	140.6423	140.4923
2025-01-11	USD	CAD	1.3176	1.3168	1.3184	1.3176
2025-01-11	USD	AUD	1.5079	1.5069	1.5089	1.5079
2025-01-11	USD	CHF	0.9004	0.8999	0.9009	0.9004
2025-01-11	USD	SGD	1.3182	1.3176	1.3188	1.3182
2025-01-12	USD	EUR	0.8974	0.897	0.8978	0.8974
2025-01-12	USD	GBP	0.7752	0.7747	0.7757	0.7752
2025-01-12	USD	INR	83.8009	83.7509	83.8509	83.8009
2025-01-12	USD	JPY	143.6551	143.5051	143.8051	143.6551
2025-01-12	USD	CAD	1.3588	1.358	1.3596	1.3588
2025-01-12	USD	AUD	1.5615	1.5605	1.5625	1.5615
2025-01-12	USD	CHF	0.8577	0.8572	0.8582	0.8577
2025-01-12	USD	SGD	1.3044	1.3038	1.305	1.3044
2025-01-13	USD	EUR	0.9447	0.9443	0.9451	0.9447
2025-01-13	USD	GBP	0.7676	0.7671	0.7681	0.7676
2025-01-13	USD	INR	82.0237	81.9737	82.0737	82.0237
2025-01-13	USD	JPY	145.6669	145.5169	145.8169	145.6669
2025-01-13	USD	CAD	1.3894	1.3886	1.3902	1.3894
2025-01-13	USD	AUD	1.5627	1.5617	1.5637	1.5627
2025-01-13	USD	CHF	0.8947	0.8942	0.8952	0.8947
2025-01-13	USD	SGD	1.3445	1.3439	1.3451	1.3445
2025-01-14	USD	EUR	0.9054	0.905	0.9058	0.9054
2025-01-14	USD	GBP	0.7615	0.761	0.762	0.7615
2025-01-14	USD	INR	83.8371	83.7871	83.8871	83.8371
2025-01-14	USD	JPY	143.0152	142.8652	143.1652	143.0152
2025-01-14	USD	CAD	1.3515	1.3507	1.3523	1.3515
2025-01-14	USD	AUD	1.4899	1.4889	1.4909	1.4899
2025-01-14	USD	CHF	0.8663	0.8658	0.8668	0.8663
2025-01-14	USD	SGD	1.3008	1.3002	1.3014	1.3008
2025-01-15	USD	EUR	0.9159	0.9155	0.9163	0.9159
2025-01-15	USD	GBP	0.7786	0.7781	0.7791	0.7786
2025-01-15	USD	INR	82.9945	82.9445	83.0445	82.9945
2025-01-15	USD	JPY	141.5375	141.3875	141.6875	141.5375
2025-01-15	USD	CAD	1.359	1.3582	1.3598	1.359
2025-01-15	USD	AUD	1.5429	1.5419	1.5439	1.5429
2025-01-15	USD	CHF	0.8716	0.8711	0.8721	0.8716
2025-01-15	USD	SGD	1.3038	1.3032	1.3044	1.3038
2025-01-16	USD	EUR	0.9198	0.9194	0.9202	0.9198
2025-01-16	USD	GBP	0.8036	0.8031	0.8041	0.8036
2025-01-16	USD	INR	83.0465	82.9965	83.0965	83.0465
2025-01-16	USD	JPY	146.3935	146.2435	146.5435	146.3935
2025-01-16	USD	CAD	1.3839	1.3831	1.3847	1.3839
2025-01-16	USD	AUD	1.5064	1.5054	1.5074	1.5064
2025-01-16	USD	CHF	0.8881	0.8876	0.8886	0.8881
2025-01-16	USD	SGD	1.3785	1.3779	1.3791	1.3785
2025-01-17	USD	EUR	0.9223	0.9219	0.9227	0.9223
2025-01-17	USD	GBP	0.7978	0.7973	0.7983	0.7978
2025-01-17	USD	INR	85.1393	85.0893	85.1893	85.1393
2025-01-17	USD	JPY	147.9283	147.7783	148.0783	147.9283
2025-01-17	USD	CAD	1.3529	1.3521	1.3537	1.3529
2025-01-17	USD	AUD	1.4947	1.4937	1.4957	1.4947
2025-01-17	USD	CHF	0.8795	0.879	0.88	0.8795
2025-01-17	USD	SGD	1.3184	1.3178	1.319	1.3184
2025-01-18	USD	EUR	0.9133	0.9129	0.9137	0.9133
2025-01-18	USD	GBP	0.7805	0.78	0.781	0.7805
2025-01-18	USD	INR	84.0866	84.0366	84.1366	84.0866
2025-01-18	USD	JPY	141.757	141.607	141.907	141.757
2025-01-18	USD	CAD	1.3766	1.3758	1.3774	1.3766
2025-01-18	USD	AUD	1.4968	1.4958	1.4978	1.4968
2025-01-18	USD	CHF	0.8882	0.8877	0.8887	0.8882
2025-01-18	USD	SGD	1.3195	1.3189	1.3201	1.3195
2025-01-19	USD	EUR	0.9441	0.9437	0.9445	0.9441
2025-01-19	USD	GBP	0.8046	0.8041	0.8051	0.8046
2025-01-19	USD	INR	83.7921	83.7421	83.8421	83.7921
2025-01-19	USD	JPY	143.9749	143.8249	144.1249	143.9749
2025-01-19	USD	CAD	1.3611	1.3603	1.3619	1.3611
2025-01-19	USD	AUD	1.5274	1.5264	1.5284	1.5274
2025-01-19	USD	CHF	0.8951	0.8946	0.8956	0.8951
2025-01-19	USD	SGD	1.377	1.3764	1.3776	1.377
2025-01-20	USD	EUR	0.8943	0.8939	0.8947	0.8943
2025-01-20	USD	GBP	0.7634	0.7629	0.7639	0.7634
2025-01-20	USD	INR	85.4153	85.3653	85.4653	85.4153
2025-01-20	USD	JPY	148.3511	148.2011	148.5011	148.3511
2025-01-20	USD	CAD	1.3862	1.3854	1.387	1.3862
2025-01-20	USD	AUD	1.5409	1.5399	1.5419	1.5409
2025-01-20	USD	CHF	0.8768	0.8763	0.8773	0.8768
2025-01-20	USD	SGD	1.3756	1.375	1.3762	1.3756
2025-01-21	USD	EUR	0.9132	0.9128	0.9136	0.9132
2025-01-21	USD	GBP	0.7848	0.7843	0.7853	0.7848
2025-01-21	USD	INR	83.1931	83.1431	83.2431	83.1931
2025-01-21	USD	JPY	142.0428	141.8928	142.1928	142.0428
2025-01-21	USD	CAD	1.3443	1.3435	1.3451	1.3443
2025-01-21	USD	AUD	1.4921	1.4911	1.4931	1.4921
2025-01-21	USD	CHF	0.8856	0.8851	0.8861	0.8856
2025-01-21	USD	SGD	1.3065	1.3059	1.3071	1.3065
2025-01-22	USD	EUR	0.9312	0.9308	0.9316	0.9312
2025-01-22	USD	GBP	0.7827	0.7822	0.7832	0.7827
2025-01-22	USD	INR	82.6714	82.6214	82.7214	82.6714
2025-01-22	USD	JPY	141.1485	140.9985	141.2985	141.1485
2025-01-22	USD	CAD	1.325	1.3242	1.3258	1.325
2025-01-22	USD	AUD	1.538	1.537	1.539	1.538
2025-01-22	USD	CHF	0.8918	0.8913	0.8923	0.8918
2025-01-22	USD	SGD	1.3315	1.3309	1.3321	1.3315
2025-01-23	USD	EUR	0.9177	0.9173	0.9181	0.9177
2025-01-23	USD	GBP	0.7859	0.7854	0.7864	0.7859
2025-01-23	USD	INR	83.2542	83.2042	83.3042	83.2542
2025-01-23	USD	JPY	147.5143	147.3643	147.6643	147.5143
2025-01-23	USD	CAD	1.3516	1.3508	1.3524	1.3516
2025-01-23	USD	AUD	1.5032	1.5022	1.5042	1.5032
2025-01-23	USD	CHF	0.8641	0.8636	0.8646	0.8641
2025-01-23	USD	SGD	1.3339	1.3333	1.3345	1.3339
2025-01-24	USD	EUR	0.9462	0.9458	0.9466	0.9462
2025-01-24	USD	GBP	0.8037	0.8032	0.8042	0.8037
2025-01-24	USD	INR	83.6714	83.6214	83.7214	83.6714
2025-01-24	USD	JPY	145.1314	144.9814	145.2814	145.1314
2025-01-24	USD	CAD	1.3292	1.3284	1.33	1.3292
2025-01-24	USD	AUD	1.4804	1.4794	1.4814	1.4804
2025-01-24	USD	CHF	0.8875	0.887	0.888	0.8875
2025-01-24	USD	SGD	1.3339	1.3333	1.3345	1.3339
2025-01-25	USD	EUR	0.8996	0.8992	0.9	0.8996
2025-01-25	USD	GBP	0.7804	0.7799	0.7809	0.7804
2025-01-25	USD	INR	80.6952	80.6452	80.7452	80.6952
2025-01-25	USD	JPY	148.0441	147.8941	148.1941	148.0441
2025-01-25	USD	CAD	1.3133	1.3125	1.3141	1.3133
2025-01-25	USD	AUD	1.4932	1.4922	1.4942	1.4932
2025-01-25	USD	CHF	0.8659	0.8654	0.8664	0.8659
2025-01-25	USD	SGD	1.3423	1.3417	1.3429	1.3423
2025-01-26	USD	EUR	0.9233	0.9229	0.9237	0.9233
2025-01-26	USD	GBP	0.7797	0.7792	0.7802	0.7797
2025-01-26	USD	INR	80.8454	80.7954	80.8954	80.8454
2025-01-26	USD	JPY	144.5271	144.3771	144.6771	144.5271
2025-01-26	USD	CAD	1.3648	1.364	1.3656	1.3648
2025-01-26	USD	AUD	1.5425	1.5415	1.5435	1.5425
2025-01-26	USD	CHF	0.9005	0.9	0.901	0.9005
2025-01-26	USD	SGD	1.3542	1.3536	1.3548	1.3542
2025-01-27	USD	EUR	0.9435	0.9431	0.9439	0.9435
2025-01-27	USD	GBP	0.762	0.7615	0.7625	0.762
2025-01-27	USD	INR	84.4496	84.3996	84.4996	84.4496
2025-01-27	USD	JPY	141.8014	141.6514	141.9514	141.8014
2025-01-27	USD	CAD	1.361	1.3602	1.3618	1.361
2025-01-27	USD	AUD	1.5597	1.5587	1.5607	1.5597
2025-01-27	USD	CHF	0.8661	0.8656	0.8666	0.8661
2025-01-27	USD	SGD	1.3113	1.3107	1.3119	1.3113
2025-01-28	USD	EUR	0.9025	0.9021	0.9029	0.9025
2025-01-28	USD	GBP	0.7905	0.79	0.791	0.7905
2025-01-28	USD	INR	85.5174	85.4674	85.5674	85.5174
2025-01-28	USD	JPY	143.4659	143.3159	143.6159	143.4659
2025-01-28	USD	CAD	1.3705	1.3697	1.3713	1.3705
2025-01-28	USD	AUD	1.5523	1.5513	1.5533	1.5523
2025-01-28	USD	CHF	0.8975	0.897	0.898	0.8975
2025-01-28	USD	SGD	1.3201	1.3195	1.3207	1.3201
2025-01-29	USD	EUR	0.9396	0.9392	0.94	0.9396
2025-01-29	USD	GBP	0.7857	0.7852	0.7862	0.7857
2025-01-29	USD	INR	83.8578	83.8078	83.9078	83.8578
2025-01-29	USD	JPY	146.0627	145.9127	146.2127	146.0627
2025-01-29	USD	CAD	1.376	1.3752	1.3768	1.376
2025-01-29	USD	AUD	1.518	1.517	1.519	1.518
2025-01-29	USD	CHF	0.8856	0.8851	0.8861	0.8856
2025-01-29	USD	SGD	1.3411	1.3405	1.3417	1.3411
2025-01-30	USD	EUR	0.9193	0.9189	0.9197	0.9193
2025-01-30	USD	GBP	0.8042	0.8037	0.8047	0.8042
2025-01-30	USD	INR	84.4324	84.3824	84.4824	84.4324
2025-01-30	USD	JPY	147.5267	147.3767	147.6767	147.5267
2025-01-30	USD	CAD	1.3427	1.3419	1.3435	1.3427
2025-01-30	USD	AUD	1.479	1.478	1.48	1.479
2025-01-30	USD	CHF	0.8789	0.8784	0.8794	0.8789
2025-01-30	USD	SGD	1.3707	1.3701	1.3713	1.3707
2025-01-31	USD	EUR	0.9461	0.9457	0.9465	0.9461
2025-01-31	USD	GBP	0.8015	0.801	0.802	0.8015
2025-01-31	USD	INR	83.8688	83.8188	83.9188	83.8688
2025-01-31	USD	JPY	148.3903	148.2403	148.5403	148.3903
2025-01-31	USD	CAD	1.3658	1.365	1.3666	1.3658
2025-01-31	USD	AUD	1.4936	1.4926	1.4946	1.4936
2025-01-31	USD	CHF	0.9038	0.9033	0.9043	0.9038
2025-01-31	USD	SGD	1.3263	1.3257	1.3269	1.3263
2025-02-01	USD	EUR	0.9419	0.9415	0.9423	0.9419
2025-02-01	USD	GBP	0.7879	0.7874	0.7884	0.7879
2025-02-01	USD	INR	85.4212	85.3712	85.4712	85.4212
2025-02-01	USD	JPY	140.8814	140.7314	141.0314	140.8814
2025-02-01	USD	CAD	1.3814	1.3806	1.3822	1.3814
2025-02-01	USD	AUD	1.5162	1.5152	1.5172	1.5162
2025-02-01	USD	CHF	0.8957	0.8952	0.8962	0.8957
2025-02-01	USD	SGD	1.3699	1.3693	1.3705	1.3699
2025-02-02	USD	EUR	0.9372	0.9368	0.9376	0.9372
2025-02-02	USD	GBP	0.7705	0.77	0.771	0.7705
2025-02-02	USD	INR	81.5827	81.5327	81.6327	81.5827
2025-02-02	USD	JPY	141.6528	141.5028	141.8028	141.6528
2025-02-02	USD	CAD	1.3729	1.3721	1.3737	1.3729
2025-02-02	USD	AUD	1.486	1.485	1.487	1.486
2025-02-02	USD	CHF	0.8784	0.8779	0.8789	0.8784
2025-02-02	USD	SGD	1.3358	1.3352	1.3364	1.3358
2025-02-03	USD	EUR	0.9238	0.9234	0.9242	0.9238
2025-02-03	USD	GBP	0.7649	0.7644	0.7654	0.7649
2025-02-03	USD	INR	85.1092	85.0592	85.1592	85.1092
2025-02-03	USD	JPY	141.688	141.538	141.838	141.688
2025-02-03	USD	CAD	1.3856	1.3848	1.3864	1.3856
2025-02-03	USD	AUD	1.4787	1.4777	1.4797	1.4787
2025-02-03	USD	CHF	0.8841	0.8836	0.8846	0.8841
2025-02-03	USD	SGD	1.3283	1.3277	1.3289	1.3283
2025-02-04	USD	EUR	0.9409	0.9405	0.9413	0.9409
2025-02-04	USD	GBP	0.7965	0.796	0.797	0.7965
2025-02-04	USD	INR	81.4959	81.4459	81.5459	81.4959
2025-02-04	USD	JPY	143.8683	143.7183	144.0183	143.8683
2025-02-04	USD	CAD	1.3187	1.3179	1.3195	1.3187
2025-02-04	USD	AUD	1.4946	1.4936	1.4956	1.4946
2025-02-04	USD	CHF	0.9004	0.8999	0.9009	0.9004
2025-02-04	USD	SGD	1.3261	1.3255	1.3267	1.3261
2025-02-05	USD	EUR	0.9222	0.9218	0.9226	0.9222
2025-02-05	USD	GBP	0.797	0.7965	0.7975	0.797
2025-02-05	USD	INR	82.8546	82.8046	82.9046	82.8546
2025-02-05	USD	JPY	144.5599	144.4099	144.7099	144.5599
2025-02-05	USD	CAD	1.3326	1.3318	1.3334	1.3326
2025-02-05	USD	AUD	1.5554	1.5544	1.5564	1.5554
2025-02-05	USD	CHF	0.8562	0.8557	0.8567	0.8562
2025-02-05	USD	SGD	1.3438	1.3432	1.3444	1.3438
2025-02-06	USD	EUR	0.9039	0.9035	0.9043	0.9039
2025-02-06	USD	GBP	0.7888	0.7883	0.7893	0.7888
2025-02-06	USD	INR	82.0889	82.0389	82.1389	82.0889
2025-02-06	USD	JPY	143.8299	143.6799	143.9799	143.8299
2025-02-06	USD	CAD	1.3142	1.3134	1.315	1.3142
2025-02-06	USD	AUD	1.5254	1.5244	1.5264	1.5254
2025-02-06	USD	CHF	0.8766	0.8761	0.8771	0.8766
2025-02-06	USD	SGD	1.3105	1.3099	1.3111	1.3105
2025-02-07	USD	EUR	0.8986	0.8982	0.899	0.8986
2025-02-07	USD	GBP	0.7693	0.7688	0.7698	0.7693
2025-02-07	USD	INR	83.6136	83.5636	83.6636	83.6136
2025-02-07	USD	JPY	140.2411	140.0911	140.3911	140.2411
2025-02-07	USD	CAD	1.319	1.3182	1.3198	1.319
2025-02-07	USD	AUD	1.5522	1.5512	1.5532	1.5522
2025-02-07	USD	CHF	0.8655	0.865	0.866	0.8655
2025-02-07	USD	SGD	1.3537	1.3531	1.3543	1.3537
2025-02-08	USD	EUR	0.8934	0.893	0.8938	0.8934
2025-02-08	USD	GBP	0.8001	0.7996	0.8006	0.8001
2025-02-08	USD	INR	84.9649	84.9149	85.0149	84.9649
2025-02-08	USD	JPY	141.9659	141.8159	142.1159	141.9659
2025-02-08	USD	CAD	1.3466	1.3458	1.3474	1.3466
2025-02-08	USD	AUD	1.526	1.525	1.527	1.526
2025-02-08	USD	CHF	0.8912	0.8907	0.8917	0.8912
2025-02-08	USD	SGD	1.3699	1.3693	1.3705	1.3699
2025-02-09	USD	EUR	0.9	0.8996	0.9004	0.9
2025-02-09	USD	GBP	0.7923	0.7918	0.7928	0.7923
2025-02-09	USD	INR	82.6389	82.5889	82.6889	82.6389
2025-02-09	USD	JPY	143.7146	143.5646	143.8646	143.7146
2025-02-09	USD	CAD	1.3632	1.3624	1.364	1.3632
2025-02-09	USD	AUD	1.5195	1.5185	1.5205	1.5195
2025-02-09	USD	CHF	0.8967	0.8962	0.8972	0.8967
2025-02-09	USD	SGD	1.3705	1.3699	1.3711	1.3705
2025-02-10	USD	EUR	0.8943	0.8939	0.8947	0.8943
2025-02-10	USD	GBP	0.7957	0.7952	0.7962	0.7957
2025-02-10	USD	INR	82.2868	82.2368	82.3368	82.2868
2025-02-10	USD	JPY	142.3315	142.1815	142.4815	142.3315
2025-02-10	USD	CAD	1.37	1.3692	1.3708	1.37
2025-02-10	USD	AUD	1.5035	1.5025	1.5045	1.5035
2025-02-10	USD	CHF	0.8544	0.8539	0.8549	0.8544
2025-02-10	USD	SGD	1.3038	1.3032	1.3044	1.3038
2025-02-11	USD	EUR	0.9032	0.9028	0.9036	0.9032
2025-02-11	USD	GBP	0.7797	0.7792	0.7802	0.7797
2025-02-11	USD	INR	82.2934	82.2434	82.3434	82.2934
2025-02-11	USD	JPY	148.5623	148.4123	148.7123	148.5623
2025-02-11	USD	CAD	1.3216	1.3208	1.3224	1.3216
2025-02-11	USD	AUD	1.5066	1.5056	1.5076	1.5066
2025-02-11	USD	CHF	0.8875	0.887	0.888	0.8875
2025-02-11	USD	SGD	1.3357	1.3351	1.3363	1.3357
2025-02-12	USD	EUR	0.9386	0.9382	0.939	0.9386
2025-02-12	USD	GBP	0.8075	0.807	0.808	0.8075
2025-02-12	USD	INR	81.342	81.292	81.392	81.342
2025-02-12	USD	JPY	148.0329	147.8829	148.1829	148.0329
2025-02-12	USD	CAD	1.313	1.3122	1.3138	1.313
2025-02-12	USD	AUD	1.5427	1.5417	1.5437	1.5427
2025-02-12	USD	CHF	0.8621	0.8616	0.8626	0.8621
2025-02-12	USD	SGD	1.3353	1.3347	1.3359	1.3353
2025-02-13	USD	EUR	0.8935	0.8931	0.8939	0.8935
2025-02-13	USD	GBP	0.7621	0.7616	0.7626	0.7621
2025-02-13	USD	INR	82.8826	82.8326	82.9326	82.8826
2025-02-13	USD	JPY	140.8327	140.6827	140.9827	140.8327
2025-02-13	USD	CAD	1.3722	1.3714	1.373	1.3722
2025-02-13	USD	AUD	1.5199	1.5189	1.5209	1.5199
2025-02-13	USD	CHF	0.8889	0.8884	0.8894	0.8889
2025-02-13	USD	SGD	1.3408	1.3402	1.3414	1.3408
2025-02-14	USD	EUR	0.9181	0.9177	0.9185	0.9181
2025-02-14	USD	GBP	0.7825	0.782	0.783	0.7825
2025-02-14	USD	INR	85.3003	85.2503	85.3503	85.3003
2025-02-14	USD	JPY	145.1766	145.0266	145.3266	145.1766
2025-02-14	USD	CAD	1.3456	1.3448	1.3464	1.3456
2025-02-14	USD	AUD	1.5335	1.5325	1.5345	1.5335
2025-02-14	USD	CHF	0.8694	0.8689	0.8699	0.8694
2025-02-14	USD	SGD	1.37	1.3694	1.3706	1.37
2025-02-15	USD	EUR	0.8972	0.8968	0.8976	0.8972
2025-02-15	USD	GBP	0.7877	0.7872	0.7882	0.7877
2025-02-15	USD	INR	82.799	82.749	82.849	82.799
2025-02-15	USD	JPY	148.0273	147.8773	148.1773	148.0273
2025-02-15	USD	CAD	1.3474	1.3466	1.3482	1.3474
2025-02-15	USD	AUD	1.5325	1.5315	1.5335	1.5325
2025-02-15	USD	CHF	0.8974	0.8969	0.8979	0.8974
2025-02-15	USD	SGD	1.3017	1.3011	1.3023	1.3017
2025-02-16	USD	EUR	0.9351	0.9347	0.9355	0.9351
2025-02-16	USD	GBP	0.7753	0.7748	0.7758	0.7753
2025-02-16	USD	INR	83.9737	83.9237	84.0237	83.9737
2025-02-16	USD	JPY	144.8657	144.7157	145.0157	144.8657
2025-02-16	USD	CAD	1.3608	1.36	1.3616	1.3608
2025-02-16	USD	AUD	1.5551	1.5541	1.5561	1.5551
2025-02-16	USD	CHF	0.8811	0.8806	0.8816	0.8811
2025-02-16	USD	SGD	1.3433	1.3427	1.3439	1.3433
2025-02-17	USD	EUR	0.8951	0.8947	0.8955	0.8951
2025-02-17	USD	GBP	0.7963	0.7958	0.7968	0.7963
2025-02-17	USD	INR	80.9988	80.9488	81.0488	80.9988
2025-02-17	USD	JPY	143.0234	142.8734	143.1734	143.0234
2025-02-17	USD	CAD	1.3779	1.3771	1.3787	1.3779
2025-02-17	USD	AUD	1.5557	1.5547	1.5567	1.5557
2025-02-17	USD	CHF	0.8838	0.8833	0.8843	0.8838
2025-02-17	USD	SGD	1.321	1.3204	1.3216	1.321
2025-02-18	USD	EUR	0.9179	0.9175	0.9183	0.9179
2025-02-18	USD	GBP	0.7657	0.7652	0.7662	0.7657
2025-02-18	USD	INR	82.6726	82.6226	82.7226	82.6726
2025-02-18	USD	JPY	142.4381	142.2881	142.5881	142.4381
2025-02-18	USD	CAD	1.368	1.3672	1.3688	1.368
2025-02-18	USD	AUD	1.497	1.496	1.498	1.497
2025-02-18	USD	CHF	0.8598	0.8593	0.8603	0.8598
2025-02-18	USD	SGD	1.3724	1.3718	1.373	1.3724
2025-02-19	USD	EUR	0.9055	0.9051	0.9059	0.9055
2025-02-19	USD	GBP	0.7843	0.7838	0.7848	0.7843
2025-02-19	USD	INR	84.4191	84.3691	84.4691	84.4191
2025-02-19	USD	JPY	145.3516	145.2016	145.5016	145.3516
2025-02-19	USD	CAD	1.3658	1.365	1.3666	1.3658
2025-02-19	USD	AUD	1.4918	1.4908	1.4928	1.4918
2025-02-19	USD	CHF	0.8781	0.8776	0.8786	0.8781
2025-02-19	USD	SGD	1.3691	1.3685	1.3697	1.3691
2025-02-20	USD	EUR	0.9268	0.9264	0.9272	0.9268
2025-02-20	USD	GBP	0.7909	0.7904	0.7914	0.7909
2025-02-20	USD	INR	81.1038	81.0538	81.1538	81.1038
2025-02-20	USD	JPY	141.3383	141.1883	141.4883	141.3383
2025-02-20	USD	CAD	1.3717	1.3709	1.3725	1.3717
2025-02-20	USD	AUD	1.4757	1.4747	1.4767	1.4757
2025-02-20	USD	CHF	0.8916	0.8911	0.8921	0.8916
2025-02-20	USD	SGD	1.3554	1.3548	1.356	1.3554
2025-02-21	USD	EUR	0.9037	0.9033	0.9041	0.9037
2025-02-21	USD	GBP	0.7959	0.7954	0.7964	0.7959
2025-02-21	USD	INR	83.9817	83.9317	84.0317	83.9817
2025-02-21	USD	JPY	144.5392	144.3892	144.6892	144.5392
2025-02-21	USD	CAD	1.3218	1.321	1.3226	1.3218
2025-02-21	USD	AUD	1.5387	1.5377	1.5397	1.5387
2025-02-21	USD	CHF	0.8759	0.8754	0.8764	0.8759
2025-02-21	USD	SGD	1.3184	1.3178	1.319	1.3184
2025-02-22	USD	EUR	0.8948	0.8944	0.8952	0.8948
2025-02-22	USD	GBP	0.7633	0.7628	0.7638	0.7633
2025-02-22	USD	INR	81.4518	81.4018	81.5018	81.4518
2025-02-22	USD	JPY	146.4944	146.3444	146.6444	146.4944
2025-02-22	USD	CAD	1.3151	1.3143	1.3159	1.3151
2025-02-22	USD	AUD	1.5117	1.5107	1.5127	1.5117
2025-02-22	USD	CHF	0.9059	0.9054	0.9064	0.9059
2025-02-22	USD	SGD	1.3283	1.3277	1.3289	1.3283
2025-02-23	USD	EUR	0.9191	0.9187	0.9195	0.9191
2025-02-23	USD	GBP	0.7906	0.7901	0.7911	0.7906
2025-02-23	USD	INR	80.9665	80.9165	81.0165	80.9665
2025-02-23	USD	JPY	142.2142	142.0642	142.3642	142.2142
2025-02-23	USD	CAD	1.3696	1.3688	1.3704	1.3696
2025-02-23	USD	AUD	1.5629	1.5619	1.5639	1.5629
2025-02-23	USD	CHF	0.8873	0.8868	0.8878	0.8873
2025-02-23	USD	SGD	1.3468	1.3462	1.3474	1.3468
2025-02-24	USD	EUR	0.9288	0.9284	0.9292	0.9288
2025-02-24	USD	GBP	0.7794	0.7789	0.7799	0.7794
2025-02-24	USD	INR	81.1327	81.0827	81.1827	81.1327
2025-02-24	USD	JPY	147.4393	147.2893	147.5893	147.4393
2025-02-24	USD	CAD	1.3892	1.3884	1.39	1.3892
2025-02-24	USD	AUD	1.546	1.545	1.547	1.546
2025-02-24	USD	CHF	0.8919	0.8914	0.8924	0.8919
2025-02-24	USD	SGD	1.3649	1.3643	1.3655	1.3649
2025-02-25	USD	EUR	0.9219	0.9215	0.9223	0.9219
2025-02-25	USD	GBP	0.7775	0.777	0.778	0.7775
2025-02-25	USD	INR	83.8878	83.8378	83.9378	83.8878
2025-02-25	USD	JPY	146.6	146.45	146.75	146.6
2025-02-25	USD	CAD	1.3852	1.3844	1.386	1.3852
2025-02-25	USD	AUD	1.4863	1.4853	1.4873	1.4863
2025-02-25	USD	CHF	0.8969	0.8964	0.8974	0.8969
2025-02-25	USD	SGD	1.3739	1.3733	1.3745	1.3739
2025-02-26	USD	EUR	0.9158	0.9154	0.9162	0.9158
2025-02-26	USD	GBP	0.8019	0.8014	0.8024	0.8019
2025-02-26	USD	INR	84.3723	84.3223	84.4223	84.3723
2025-02-26	USD	JPY	140.3112	140.1612	140.4612	140.3112
2025-02-26	USD	CAD	1.3803	1.3795	1.3811	1.3803
2025-02-26	USD	AUD	1.4862	1.4852	1.4872	1.4862
2025-02-26	USD	CHF	0.8716	0.8711	0.8721	0.8716
2025-02-26	USD	SGD	1.366	1.3654	1.3666	1.366
2025-02-27	USD	EUR	0.909	0.9086	0.9094	0.909
2025-02-27	USD	GBP	0.7748	0.7743	0.7753	0.7748
2025-02-27	USD	INR	82.2507	82.2007	82.3007	82.2507
2025-02-27	USD	JPY	143.7954	143.6454	143.9454	143.7954
2025-02-27	USD	CAD	1.3726	1.3718	1.3734	1.3726
2025-02-27	USD	AUD	1.5209	1.5199	1.5219	1.5209
2025-02-27	USD	CHF	0.9028	0.9023	0.9033	0.9028
2025-02-27	USD	SGD	1.3735	1.3729	1.3741	1.3735
2025-02-28	USD	EUR	0.9443	0.9439	0.9447	0.9443
2025-02-28	USD	GBP	0.7722	0.7717	0.7727	0.7722
2025-02-28	USD	INR	84.743	84.693	84.793	84.743
2025-02-28	USD	JPY	146.5712	146.4212	146.7212	146.5712
2025-02-28	USD	CAD	1.3724	1.3716	1.3732	1.3724
2025-02-28	USD	AUD	1.5119	1.5109	1.5129	1.5119
2025-02-28	USD	CHF	0.9043	0.9038	0.9048	0.9043
2025-02-28	USD	SGD	1.3439	1.3433	1.3445	1.3439
2025-03-01	USD	EUR	0.9236	0.9232	0.924	0.9236
2025-03-01	USD	GBP	0.8032	0.8027	0.8037	0.8032
2025-03-01	USD	INR	82.3005	82.2505	82.3505	82.3005
2025-03-01	USD	JPY	147.3535	147.2035	147.5035	147.3535
2025-03-01	USD	CAD	1.3867	1.3859	1.3875	1.3867
2025-03-01	USD	AUD	1.5553	1.5543	1.5563	1.5553
2025-03-01	USD	CHF	0.8827	0.8822	0.8832	0.8827
2025-03-01	USD	SGD	1.3339	1.3333	1.3345	1.3339
2025-03-02	USD	EUR	0.8945	0.8941	0.8949	0.8945
2025-03-02	USD	GBP	0.7893	0.7888	0.7898	0.7893
2025-03-02	USD	INR	83.496	83.446	83.546	83.496
2025-03-02	USD	JPY	140.2799	140.1299	140.4299	140.2799
2025-03-02	USD	CAD	1.3819	1.3811	1.3827	1.3819
2025-03-02	USD	AUD	1.5235	1.5225	1.5245	1.5235
2025-03-02	USD	CHF	0.8991	0.8986	0.8996	0.8991
2025-03-02	USD	SGD	1.2999	1.2993	1.3005	1.2999
2025-03-03	USD	EUR	0.9346	0.9342	0.935	0.9346
2025-03-03	USD	GBP	0.799	0.7985	0.7995	0.799
2025-03-03	USD	INR	83.2923	83.2423	83.3423	83.2923
2025-03-03	USD	JPY	144.1583	144.0083	144.3083	144.1583
2025-03-03	USD	CAD	1.3699	1.3691	1.3707	1.3699
2025-03-03	USD	AUD	1.479	1.478	1.48	1.479
2025-03-03	USD	CHF	0.8566	0.8561	0.8571	0.8566
2025-03-03	USD	SGD	1.3316	1.331	1.3322	1.3316
2025-03-04	USD	EUR	0.9265	0.9261	0.9269	0.9265
2025-03-04	USD	GBP	0.8084	0.8079	0.8089	0.8084
2025-03-04	USD	INR	83.3816	83.3316	83.4316	83.3816
2025-03-04	USD	JPY	148.2988	148.1488	148.4488	148.2988
2025-03-04	USD	CAD	1.3635	1.3627	1.3643	1.3635
2025-03-04	USD	AUD	1.4977	1.4967	1.4987	1.4977
2025-03-04	USD	CHF	0.9023	0.9018	0.9028	0.9023
2025-03-04	USD	SGD	1.3457	1.3451	1.3463	1.3457
2025-03-05	USD	EUR	0.9066	0.9062	0.907	0.9066
2025-03-05	USD	GBP	0.7667	0.7662	0.7672	0.7667
2025-03-05	USD	INR	81.2369	81.1869	81.2869	81.2369
2025-03-05	USD	JPY	141.0663	140.9163	141.2163	141.0663
2025-03-05	USD	CAD	1.359	1.3582	1.3598	1.359
2025-03-05	USD	AUD	1.5189	1.5179	1.5199	1.5189
2025-03-05	USD	CHF	0.8692	0.8687	0.8697	0.8692
2025-03-05	USD	SGD	1.2999	1.2993	1.3005	1.2999
2025-03-06	USD	EUR	0.9439	0.9435	0.9443	0.9439
2025-03-06	USD	GBP	0.7864	0.7859	0.7869	0.7864
2025-03-06	USD	INR	80.8994	80.8494	80.9494	80.8994
2025-03-06	USD	JPY	144.4742	144.3242	144.6242	144.4742
2025-03-06	USD	CAD	1.3153	1.3145	1.3161	1.3153
2025-03-06	USD	AUD	1.5172	1.5162	1.5182	1.5172
2025-03-06	USD	CHF	0.8759	0.8754	0.8764	0.8759
2025-03-06	USD	SGD	1.35	1.3494	1.3506	1.35
2025-03-07	USD	EUR	0.8959	0.8955	0.8963	0.8959
2025-03-07	USD	GBP	0.7997	0.7992	0.8002	0.7997
2025-03-07	USD	INR	81.1803	81.1303	81.2303	81.1803
2025-03-07	USD	JPY	144.8778	144.7278	145.0278	144.8778
2025-03-07	USD	CAD	1.3845	1.3837	1.3853	1.3845
2025-03-07	USD	AUD	1.5285	1.5275	1.5295	1.5285
2025-03-07	USD	CHF	0.8989	0.8984	0.8994	0.8989
2025-03-07	USD	SGD	1.3101	1.3095	1.3107	1.3101
2025-03-08	USD	EUR	0.946	0.9456	0.9464	0.946
2025-03-08	USD	GBP	0.784	0.7835	0.7845	0.784
2025-03-08	USD	INR	80.8617	80.8117	80.9117	80.8617
2025-03-08	USD	JPY	146.9737	146.8237	147.1237	146.9737
2025-03-08	USD	CAD	1.3874	1.3866	1.3882	1.3874
2025-03-08	USD	AUD	1.5621	1.5611	1.5631	1.5621
2025-03-08	USD	CHF	0.8791	0.8786	0.8796	0.8791
2025-03-08	USD	SGD	1.331	1.3304	1.3316	1.331
2025-03-09	USD	EUR	0.8991	0.8987	0.8995	0.8991
2025-03-09	USD	GBP	0.794	0.7935	0.7945	0.794
2025-03-09	USD	INR	82.8073	82.7573	82.8573	82.8073
2025-03-09	USD	JPY	147.628	147.478	147.778	147.628
2025-03-09	USD	CAD	1.3161	1.3153	1.3169	1.3161
2025-03-09	USD	AUD	1.5602	1.5592	1.5612	1.5602
2025-03-09	USD	CHF	0.8926	0.8921	0.8931	0.8926
2025-03-09	USD	SGD	1.3071	1.3065	1.3077	1.3071
2025-03-10	USD	EUR	0.8972	0.8968	0.8976	0.8972
2025-03-10	USD	GBP	0.7621	0.7616	0.7626	0.7621
2025-03-10	USD	INR	84.0972	84.0472	84.1472	84.0972
2025-03-10	USD	JPY	145.5616	145.4116	145.7116	145.5616
2025-03-10	USD	CAD	1.3315	1.3307	1.3323	1.3315
2025-03-10	USD	AUD	1.5036	1.5026	1.5046	1.5036
2025-03-10	USD	CHF	0.8756	0.8751	0.8761	0.8756
2025-03-10	USD	SGD	1.3607	1.3601	1.3613	1.3607
2025-03-11	USD	EUR	0.9303	0.9299	0.9307	0.9303
2025-03-11	USD	GBP	0.7928	0.7923	0.7933	0.7928
2025-03-11	USD	INR	85.341	85.291	85.391	85.341
2025-03-11	USD	JPY	142.9882	142.8382	143.1382	142.9882
2025-03-11	USD	CAD	1.3525	1.3517	1.3533	1.3525
2025-03-11	USD	AUD	1.5196	1.5186	1.5206	1.5196
2025-03-11	USD	CHF	0.8999	0.8994	0.9004	0.8999
2025-03-11	USD	SGD	1.3386	1.338	1.3392	1.3386
2025-03-12	USD	EUR	0.9116	0.9112	0.912	0.9116
2025-03-12	USD	GBP	0.7666	0.7661	0.7671	0.7666
2025-03-12	USD	INR	84.0386	83.9886	84.0886	84.0386
2025-03-12	USD	JPY	144.6806	144.5306	144.8306	144.6806
2025-03-12	USD	CAD	1.347	1.3462	1.3478	1.347
2025-03-12	USD	AUD	1.4937	1.4927	1.4947	1.4937
2025-03-12	USD	CHF	0.8703	0.8698	0.8708	0.8703
2025-03-12	USD	SGD	1.3743	1.3737	1.3749	1.3743
2025-03-13	USD	EUR	0.9094	0.909	0.9098	0.9094
2025-03-13	USD	GBP	0.7957	0.7952	0.7962	0.7957
2025-03-13	USD	INR	84.8268	84.7768	84.8768	84.8268
2025-03-13	USD	JPY	141.1573	141.0073	141.3073	141.1573
2025-03-13	USD	CAD	1.3767	1.3759	1.3775	1.3767
2025-03-13	USD	AUD	1.5654	1.5644	1.5664	1.5654
2025-03-13	USD	CHF	0.8764	0.8759	0.8769	0.8764
2025-03-13	USD	SGD	1.3176	1.317	1.3182	1.3176
2025-03-14	USD	EUR	0.8932	0.8928	0.8936	0.8932
2025-03-14	USD	GBP	0.7765	0.776	0.777	0.7765
2025-03-14	USD	INR	80.9596	80.9096	81.0096	80.9596
2025-03-14	USD	JPY	146.2366	146.0866	146.3866	146.2366
2025-03-14	USD	CAD	1.3469	1.3461	1.3477	1.3469
2025-03-14	USD	AUD	1.5426	1.5416	1.5436	1.5426
2025-03-14	USD	CHF	0.89	0.8895	0.8905	0.89
2025-03-14	USD	SGD	1.3338	1.3332	1.3344	1.3338
2025-03-15	USD	EUR	0.9258	0.9254	0.9262	0.9258
2025-03-15	USD	GBP	0.7967	0.7962	0.7972	0.7967
2025-03-15	USD	INR	82.4885	82.4385	82.5385	82.4885
2025-03-15	USD	JPY	142.3238	142.1738	142.4738	142.3238
2025-03-15	USD	CAD	1.3182	1.3174	1.319	1.3182
2025-03-15	USD	AUD	1.5507	1.5497	1.5517	1.5507
2025-03-15	USD	CHF	0.8879	0.8874	0.8884	0.8879
2025-03-15	USD	SGD	1.3043	1.3037	1.3049	1.3043
2025-03-16	USD	EUR	0.9341	0.9337	0.9345	0.9341
2025-03-16	USD	GBP	0.7759	0.7754	0.7764	0.7759
2025-03-16	USD	INR	82.6493	82.5993	82.6993	82.6493
2025-03-16	USD	JPY	147.84	147.69	147.99	147.84
2025-03-16	USD	CAD	1.3887	1.3879	1.3895	1.3887
2025-03-16	USD	AUD	1.5236	1.5226	1.5246	1.5236
2025-03-16	USD	CHF	0.8872	0.8867	0.8877	0.8872
2025-03-16	USD	SGD	1.3537	1.3531	1.3543	1.3537
2025-03-17	USD	EUR	0.939	0.9386	0.9394	0.939
2025-03-17	USD	GBP	0.78	0.7795	0.7805	0.78
2025-03-17	USD	INR	84.4617	84.4117	84.5117	84.4617
2025-03-17	USD	JPY	144.7639	144.6139	144.9139	144.7639
2025-03-17	USD	CAD	1.3527	1.3519	1.3535	1.3527
2025-03-17	USD	AUD	1.4876	1.4866	1.4886	1.4876
2025-03-17	USD	CHF	0.8893	0.8888	0.8898	0.8893
2025-03-17	USD	SGD	1.3012	1.3006	1.3018	1.3012
2025-03-18	USD	EUR	0.9002	0.8998	0.9006	0.9002
2025-03-18	USD	GBP	0.7987	0.7982	0.7992	0.7987
2025-03-18	USD	INR	83.9343	83.8843	83.9843	83.9343
2025-03-18	USD	JPY	140.9289	140.7789	141.0789	140.9289
2025-03-18	USD	CAD	1.363	1.3622	1.3638	1.363
2025-03-18	USD	AUD	1.5389	1.5379	1.5399	1.5389
2025-03-18	USD	CHF	0.8861	0.8856	0.8866	0.8861
2025-03-18	USD	SGD	1.3179	1.3173	1.3185	1.3179
2025-03-19	USD	EUR	0.9207	0.9203	0.9211	0.9207
2025-03-19	USD	GBP	0.7888	0.7883	0.7893	0.7888
2025-03-19	USD	INR	84.2488	84.1988	84.2988	84.2488
2025-03-19	USD	JPY	142.4248	142.2748	142.5748	142.4248
2025-03-19	USD	CAD	1.3522	1.3514	1.353	1.3522
2025-03-19	USD	AUD	1.502	1.501	1.503	1.502
2025-03-19	USD	CHF	0.8603	0.8598	0.8608	0.8603
2025-03-19	USD	SGD	1.3295	1.3289	1.3301	1.3295
2025-03-20	USD	EUR	0.9186	0.9182	0.919	0.9186
2025-03-20	USD	GBP	0.7654	0.7649	0.7659	0.7654
2025-03-20	USD	INR	83.9229	83.8729	83.9729	83.9229
2025-03-20	USD	JPY	146.2807	146.1307	146.4307	146.2807
2025-03-20	USD	CAD	1.3295	1.3287	1.3303	1.3295
2025-03-20	USD	AUD	1.4821	1.4811	1.4831	1.4821
2025-03-20	USD	CHF	0.8872	0.8867	0.8877	0.8872
2025-03-20	USD	SGD	1.365	1.3644	1.3656	1.365
2025-03-21	USD	EUR	0.8951	0.8947	0.8955	0.8951
2025-03-21	USD	GBP	0.7726	0.7721	0.7731	0.7726
2025-03-21	USD	INR	84.7192	84.6692	84.7692	84.7192
2025-03-21	USD	JPY	142.3439	142.1939	142.4939	142.3439
2025-03-21	USD	CAD	1.3566	1.3558	1.3574	1.3566
2025-03-21	USD	AUD	1.4807	1.4797	1.4817	1.4807
2025-03-21	USD	CHF	0.8808	0.8803	0.8813	0.8808
2025-03-21	USD	SGD	1.377	1.3764	1.3776	1.377
2025-03-22	USD	EUR	0.9142	0.9138	0.9146	0.9142
2025-03-22	USD	GBP	0.7718	0.7713	0.7723	0.7718
2025-03-22	USD	INR	85.4978	85.4478	85.5478	85.4978
2025-03-22	USD	JPY	147.037	146.887	147.187	147.037
2025-03-22	USD	CAD	1.3641	1.3633	1.3649	1.3641
2025-03-22	USD	AUD	1.5086	1.5076	1.5096	1.5086
2025-03-22	USD	CHF	0.8691	0.8686	0.8696	0.8691
2025-03-22	USD	SGD	1.3646	1.364	1.3652	1.3646
2025-03-23	USD	EUR	0.9322	0.9318	0.9326	0.9322
2025-03-23	USD	GBP	0.7647	0.7642	0.7652	0.7647
2025-03-23	USD	INR	84.1043	84.0543	84.1543	84.1043
2025-03-23	USD	JPY	145.6607	145.5107	145.8107	145.6607
2025-03-23	USD	CAD	1.3786	1.3778	1.3794	1.3786
2025-03-23	USD	AUD	1.5109	1.5099	1.5119	1.5109
2025-03-23	USD	CHF	0.9054	0.9049	0.9059	0.9054
2025-03-23	USD	SGD	1.3049	1.3043	1.3055	1.3049
2025-03-24	USD	EUR	0.9379	0.9375	0.9383	0.9379
2025-03-24	USD	GBP	0.7946	0.7941	0.7951	0.7946
2025-03-24	USD	INR	81.9297	81.8797	81.9797	81.9297
2025-03-24	USD	JPY	140.5538	140.4038	140.7038	140.5538
2025-03-24	USD	CAD	1.3419	1.3411	1.3427	1.3419
2025-03-24	USD	AUD	1.5104	1.5094	1.5114	1.5104
2025-03-24	USD	CHF	0.8805	0.88	0.881	0.8805
2025-03-24	USD	SGD	1.3217	1.3211	1.3223	1.3217
2025-03-25	USD	EUR	0.902	0.9016	0.9024	0.902
2025-03-25	USD	GBP	0.7781	0.7776	0.7786	0.7781
2025-03-25	USD	INR	82.9279	82.8779	82.9779	82.9279
2025-03-25	USD	JPY	145.9379	145.7879	146.0879	145.9379
2025-03-25	USD	CAD	1.385	1.3842	1.3858	1.385
2025-03-25	USD	AUD	1.5481	1.5471	1.5491	1.5481
2025-03-25	USD	CHF	0.896	0.8955	0.8965	0.896
2025-03-25	USD	SGD	1.3713	1.3707	1.3719	1.3713
2025-03-26	USD	EUR	0.9005	0.9001	0.9009	0.9005
2025-03-26	USD	GBP	0.7632	0.7627	0.7637	0.7632
2025-03-26	USD	INR	84.4113	84.3613	84.4613	84.4113
2025-03-26	USD	JPY	145.8143	145.6643	145.9643	145.8143
2025-03-26	USD	CAD	1.3758	1.375	1.3766	1.3758
2025-03-26	USD	AUD	1.4834	1.4824	1.4844	1.4834
2025-03-26	USD	CHF	0.8909	0.8904	0.8914	0.8909
2025-03-26	USD	SGD	1.3756	1.375	1.3762	1.3756
2025-03-27	USD	EUR	0.9406	0.9402	0.941	0.9406
2025-03-27	USD	GBP	0.7924	0.7919	0.7929	0.7924
2025-03-27	USD	INR	81.9247	81.8747	81.9747	81.9247
2025-03-27	USD	JPY	145.2203	145.0703	145.3703	145.2203
2025-03-27	USD	CAD	1.3658	1.365	1.3666	1.3658
2025-03-27	USD	AUD	1.5615	1.5605	1.5625	1.5615
2025-03-27	USD	CHF	0.88	0.8795	0.8805	0.88
2025-03-27	USD	SGD	1.3552	1.3546	1.3558	1.3552
2025-03-28	USD	EUR	0.9374	0.937	0.9378	0.9374
2025-03-28	USD	GBP	0.7786	0.7781	0.7791	0.7786
2025-03-28	USD	INR	83.0528	83.0028	83.1028	83.0528
2025-03-28	USD	JPY	142.4625	142.3125	142.6125	142.4625
2025-03-28	USD	CAD	1.3234	1.3226	1.3242	1.3234
2025-03-28	USD	AUD	1.5152	1.5142	1.5162	1.5152
2025-03-28	USD	CHF	0.8717	0.8712	0.8722	0.8717
2025-03-28	USD	SGD	1.3431	1.3425	1.3437	1.3431
2025-03-29	USD	EUR	0.9147	0.9143	0.9151	0.9147
2025-03-29	USD	GBP	0.764	0.7635	0.7645	0.764
2025-03-29	USD	INR	85.5801	85.5301	85.6301	85.5801
2025-03-29	USD	JPY	141.2507	141.1007	141.4007	141.2507
2025-03-29	USD	CAD	1.3459	1.3451	1.3467	1.3459
2025-03-29	USD	AUD	1.5162	1.5152	1.5172	1.5162
2025-03-29	USD	CHF	0.9062	0.9057	0.9067	0.9062
2025-03-29	USD	SGD	1.3522	1.3516	1.3528	1.3522
2025-03-30	USD	EUR	0.9112	0.9108	0.9116	0.9112
2025-03-30	USD	GBP	0.8061	0.8056	0.8066	0.8061
2025-03-30	USD	INR	81.0927	81.0427	81.1427	81.0927
2025-03-30	USD	JPY	143.9745	143.8245	144.1245	143.9745
2025-03-30	USD	CAD	1.3475	1.3467	1.3483	1.3475
2025-03-30	USD	AUD	1.5509	1.5499	1.5519	1.5509
2025-03-30	USD	CHF	0.904	0.9035	0.9045	0.904
2025-03-30	USD	SGD	1.3798	1.3792	1.3804	1.3798
2025-03-31	USD	EUR	0.9401	0.9397	0.9405	0.9401
2025-03-31	USD	GBP	0.7962	0.7957	0.7967	0.7962
2025-03-31	USD	INR	81.0534	81.0034	81.1034	81.0534
2025-03-31	USD	JPY	147.1469	146.9969	147.2969	147.1469
2025-03-31	USD	CAD	1.3338	1.333	1.3346	1.3338
2025-03-31	USD	AUD	1.5475	1.5465	1.5485	1.5475
2025-03-31	USD	CHF	0.8967	0.8962	0.8972	0.8967
2025-03-31	USD	SGD	1.3707	1.3701	1.3713	1.3707
2025-04-01	USD	EUR	0.9055	0.9051	0.9059	0.9055
2025-04-01	USD	GBP	0.7777	0.7772	0.7782	0.7777
2025-04-01	USD	INR	82.0958	82.0458	82.1458	82.0958
2025-04-01	USD	JPY	148.4873	148.3373	148.6373	148.4873
2025-04-01	USD	CAD	1.3486	1.3478	1.3494	1.3486
2025-04-01	USD	AUD	1.5125	1.5115	1.5135	1.5125
2025-04-01	USD	CHF	0.8626	0.8621	0.8631	0.8626
2025-04-01	USD	SGD	1.3508	1.3502	1.3514	1.3508
2025-04-02	USD	EUR	0.9317	0.9313	0.9321	0.9317
2025-04-02	USD	GBP	0.7831	0.7826	0.7836	0.7831
2025-04-02	USD	INR	85.1406	85.0906	85.1906	85.1406
2025-04-02	USD	JPY	142.7349	142.5849	142.8849	142.7349
2025-04-02	USD	CAD	1.3131	1.3123	1.3139	1.3131
2025-04-02	USD	AUD	1.558	1.557	1.559	1.558
2025-04-02	USD	CHF	0.8559	0.8554	0.8564	0.8559
2025-04-02	USD	SGD	1.3053	1.3047	1.3059	1.3053
2025-04-03	USD	EUR	0.9403	0.9399	0.9407	0.9403
2025-04-03	USD	GBP	0.783	0.7825	0.7835	0.783
2025-04-03	USD	INR	85.501	85.451	85.551	85.501
2025-04-03	USD	JPY	142.5345	142.3845	142.6845	142.5345
2025-04-03	USD	CAD	1.3504	1.3496	1.3512	1.3504
2025-04-03	USD	AUD	1.5509	1.5499	1.5519	1.5509
2025-04-03	USD	CHF	0.8637	0.8632	0.8642	0.8637
2025-04-03	USD	SGD	1.3197	1.3191	1.3203	1.3197
2025-04-04	USD	EUR	0.9117	0.9113	0.9121	0.9117
2025-04-04	USD	GBP	0.7758	0.7753	0.7763	0.7758
2025-04-04	USD	INR	81.9685	81.9185	82.0185	81.9685
2025-04-04	USD	JPY	145.8498	145.6998	145.9998	145.8498
2025-04-04	USD	CAD	1.3512	1.3504	1.352	1.3512
2025-04-04	USD	AUD	1.4846	1.4836	1.4856	1.4846
2025-04-04	USD	CHF	0.8824	0.8819	0.8829	0.8824
2025-04-04	USD	SGD	1.3644	1.3638	1.365	1.3644
2025-04-05	USD	EUR	0.9041	0.9037	0.9045	0.9041
2025-04-05	USD	GBP	0.7692	0.7687	0.7697	0.7692
2025-04-05	USD	INR	85.1512	85.1012	85.2012	85.1512
2025-04-05	USD	JPY	140.678	140.528	140.828	140.678
2025-04-05	USD	CAD	1.3769	1.3761	1.3777	1.3769
2025-04-05	USD	AUD	1.5485	1.5475	1.5495	1.5485
2025-04-05	USD	CHF	0.8724	0.8719	0.8729	0.8724
2025-04-05	USD	SGD	1.3343	1.3337	1.3349	1.3343
2025-04-06	USD	EUR	0.9243	0.9239	0.9247	0.9243
2025-04-06	USD	GBP	0.7711	0.7706	0.7716	0.7711
2025-04-06	USD	INR	82.2395	82.1895	82.2895	82.2395
2025-04-06	USD	JPY	140.6603	140.5103	140.8103	140.6603
2025-04-06	USD	CAD	1.3799	1.3791	1.3807	1.3799
2025-04-06	USD	AUD	1.5296	1.5286	1.5306	1.5296
2025-04-06	USD	CHF	0.8592	0.8587	0.8597	0.8592
2025-04-06	USD	SGD	1.3568	1.3562	1.3574	1.3568
2025-04-07	USD	EUR	0.9413	0.9409	0.9417	0.9413
2025-04-07	USD	GBP	0.808	0.8075	0.8085	0.808
2025-04-07	USD	INR	83.8755	83.8255	83.9255	83.8755
2025-04-07	USD	JPY	142.5425	142.3925	142.6925	142.5425
2025-04-07	USD	CAD	1.3728	1.372	1.3736	1.3728
2025-04-07	USD	AUD	1.5501	1.5491	1.5511	1.5501
2025-04-07	USD	CHF	0.8799	0.8794	0.8804	0.8799
2025-04-07	USD	SGD	1.3065	1.3059	1.3071	1.3065
2025-04-08	USD	EUR	0.924	0.9236	0.9244	0.924
2025-04-08	USD	GBP	0.7983	0.7978	0.7988	0.7983
2025-04-08	USD	INR	81.0198	80.9698	81.0698	81.0198
2025-04-08	USD	JPY	141.8814	141.7314	142.0314	141.8814
2025-04-08	USD	CAD	1.3351	1.3343	1.3359	1.3351
2025-04-08	USD	AUD	1.5122	1.5112	1.5132	1.5122
2025-04-08	USD	CHF	0.8579	0.8574	0.8584	0.8579
2025-04-08	USD	SGD	1.3355	1.3349	1.3361	1.3355
2025-04-09	USD	EUR	0.939	0.9386	0.9394	0.939
2025-04-09	USD	GBP	0.7717	0.7712	0.7722	0.7717
2025-04-09	USD	INR	83.4229	83.3729	83.4729	83.4229
2025-04-09	USD	JPY	145.6532	145.5032	145.8032	145.6532
2025-04-09	USD	CAD	1.3321	1.3313	1.3329	1.3321
2025-04-09	USD	AUD	1.5225	1.5215	1.5235	1.5225
2025-04-09	USD	CHF	0.8812	0.8807	0.8817	0.8812
2025-04-09	USD	SGD	1.3088	1.3082	1.3094	1.3088
2025-04-10	USD	EUR	0.9	0.8996	0.9004	0.9
2025-04-10	USD	GBP	0.7831	0.7826	0.7836	0.7831
2025-04-10	USD	INR	85.3959	85.3459	85.4459	85.3959
2025-04-10	USD	JPY	148.3941	148.2441	148.5441	148.3941
2025-04-10	USD	CAD	1.3885	1.3877	1.3893	1.3885
2025-04-10	USD	AUD	1.543	1.542	1.544	1.543
2025-04-10	USD	CHF	0.8984	0.8979	0.8989	0.8984
2025-04-10	USD	SGD	1.3246	1.324	1.3252	1.3246
2025-04-11	USD	EUR	0.929	0.9286	0.9294	0.929
2025-04-11	USD	GBP	0.7953	0.7948	0.7958	0.7953
2025-04-11	USD	INR	84.8299	84.7799	84.8799	84.8299
2025-04-11	USD	JPY	141.4524	141.3024	141.6024	141.4524
2025-04-11	USD	CAD	1.3122	1.3114	1.313	1.3122
2025-04-11	USD	AUD	1.5196	1.5186	1.5206	1.5196
2025-04-11	USD	CHF	0.8605	0.86	0.861	0.8605
2025-04-11	USD	SGD	1.3654	1.3648	1.366	1.3654
2025-04-12	USD	EUR	0.9179	0.9175	0.9183	0.9179
2025-04-12	USD	GBP	0.769	0.7685	0.7695	0.769
2025-04-12	USD	INR	80.6742	80.6242	80.7242	80.6742
2025-04-12	USD	JPY	146.7946	146.6446	146.9446	146.7946
2025-04-12	USD	CAD	1.3181	1.3173	1.3189	1.3181
2025-04-12	USD	AUD	1.509	1.508	1.51	1.509
2025-04-12	USD	CHF	0.9063	0.9058	0.9068	0.9063
2025-04-12	USD	SGD	1.3078	1.3072	1.3084	1.3078
2025-04-13	USD	EUR	0.9252	0.9248	0.9256	0.9252
2025-04-13	USD	GBP	0.7849	0.7844	0.7854	0.7849
2025-04-13	USD	INR	84.5246	84.4746	84.5746	84.5246
2025-04-13	USD	JPY	142.6329	142.4829	142.7829	142.6329
2025-04-13	USD	CAD	1.3535	1.3527	1.3543	1.3535
2025-04-13	USD	AUD	1.5462	1.5452	1.5472	1.5462
2025-04-13	USD	CHF	0.878	0.8775	0.8785	0.878
2025-04-13	USD	SGD	1.3722	1.3716	1.3728	1.3722
2025-04-14	USD	EUR	0.9002	0.8998	0.9006	0.9002
2025-04-14	USD	GBP	0.786	0.7855	0.7865	0.786
2025-04-14	USD	INR	84.2033	84.1533	84.2533	84.2033
2025-04-14	USD	JPY	148.4501	148.3001	148.6001	148.4501
2025-04-14	USD	CAD	1.3804	1.3796	1.3812	1.3804
2025-04-14	USD	AUD	1.544	1.543	1.545	1.544
2025-04-14	USD	CHF	0.8602	0.8597	0.8607	0.8602
2025-04-14	USD	SGD	1.3134	1.3128	1.314	1.3134
2025-04-15	USD	EUR	0.9061	0.9057	0.9065	0.9061
2025-04-15	USD	GBP	0.7817	0.7812	0.7822	0.7817
2025-04-15	USD	INR	83.3691	83.3191	83.4191	83.3691
2025-04-15	USD	JPY	146.4785	146.3285	146.6285	146.4785
2025-04-15	USD	CAD	1.3205	1.3197	1.3213	1.3205
2025-04-15	USD	AUD	1.523	1.522	1.524	1.523
2025-04-15	USD	CHF	0.8718	0.8713	0.8723	0.8718
2025-04-15	USD	SGD	1.3662	1.3656	1.3668	1.3662
2025-04-16	USD	EUR	0.9227	0.9223	0.9231	0.9227
2025-04-16	USD	GBP	0.768	0.7675	0.7685	0.768
2025-04-16	USD	INR	83.0743	83.0243	83.1243	83.0743
2025-04-16	USD	JPY	142.832	142.682	142.982	142.832
2025-04-16	USD	CAD	1.3395	1.3387	1.3403	1.3395
2025-04-16	USD	AUD	1.4989	1.4979	1.4999	1.4989
2025-04-16	USD	CHF	0.8999	0.8994	0.9004	0.8999
2025-04-16	USD	SGD	1.321	1.3204	1.3216	1.321
2025-04-17	USD	EUR	0.9136	0.9132	0.914	0.9136
2025-04-17	USD	GBP	0.797	0.7965	0.7975	0.797
2025-04-17	USD	INR	81.3859	81.3359	81.4359	81.3859
2025-04-17	USD	JPY	148.0932	147.9432	148.2432	148.0932
2025-04-17	USD	CAD	1.3876	1.3868	1.3884	1.3876
2025-04-17	USD	AUD	1.5624	1.5614	1.5634	1.5624
2025-04-17	USD	CHF	0.8889	0.8884	0.8894	0.8889
2025-04-17	USD	SGD	1.3802	1.3796	1.3808	1.3802
2025-04-18	USD	EUR	0.9146	0.9142	0.915	0.9146
2025-04-18	USD	GBP	0.7635	0.763	0.764	0.7635
2025-04-18	USD	INR	82.4021	82.3521	82.4521	82.4021
2025-04-18	USD	JPY	140.8745	140.7245	141.0245	140.8745
2025-04-18	USD	CAD	1.3221	1.3213	1.3229	1.3221
2025-04-18	USD	AUD	1.4955	1.4945	1.4965	1.4955
2025-04-18	USD	CHF	0.8848	0.8843	0.8853	0.8848
2025-04-18	USD	SGD	1.2998	1.2992	1.3004	1.2998
2025-04-19	USD	EUR	0.9065	0.9061	0.9069	0.9065
2025-04-19	USD	GBP	0.7982	0.7977	0.7987	0.7982
2025-04-19	USD	INR	84.2027	84.1527	84.2527	84.2027
2025-04-19	USD	JPY	146.4787	146.3287	146.6287	146.4787
2025-04-19	USD	CAD	1.341	1.3402	1.3418	1.341
2025-04-19	USD	AUD	1.5221	1.5211	1.5231	1.5221
2025-04-19	USD	CHF	0.8785	0.878	0.879	0.8785
2025-04-19	USD	SGD	1.3468	1.3462	1.3474	1.3468
2025-04-20	USD	EUR	0.9178	0.9174	0.9182	0.9178
2025-04-20	USD	GBP	0.8053	0.8048	0.8058	0.8053
2025-04-20	USD	INR	85.3815	85.3315	85.4315	85.3815
2025-04-20	USD	JPY	142.1359	141.9859	142.2859	142.1359
2025-04-20	USD	CAD	1.3128	1.312	1.3136	1.3128
2025-04-20	USD	AUD	1.4911	1.4901	1.4921	1.4911
2025-04-20	USD	CHF	0.8617	0.8612	0.8622	0.8617
2025-04-20	USD	SGD	1.3728	1.3722	1.3734	1.3728
2025-04-21	USD	EUR	0.9239	0.9235	0.9243	0.9239
2025-04-21	USD	GBP	0.7945	0.794	0.795	0.7945
2025-04-21	USD	INR	84.2669	84.2169	84.3169	84.2669
2025-04-21	USD	JPY	144.6978	144.5478	144.8478	144.6978
2025-04-21	USD	CAD	1.3602	1.3594	1.361	1.3602
2025-04-21	USD	AUD	1.5135	1.5125	1.5145	1.5135
2025-04-21	USD	CHF	0.8813	0.8808	0.8818	0.8813
2025-04-21	USD	SGD	1.3704	1.3698	1.371	1.3704
2025-04-22	USD	EUR	0.9432	0.9428	0.9436	0.9432
2025-04-22	USD	GBP	0.7644	0.7639	0.7649	0.7644
2025-04-22	USD	INR	83.6888	83.6388	83.7388	83.6888
2025-04-22	USD	JPY	148.0935	147.9435	148.2435	148.0935
2025-04-22	USD	CAD	1.354	1.3532	1.3548	1.354
2025-04-22	USD	AUD	1.4814	1.4804	1.4824	1.4814
2025-04-22	USD	CHF	0.8603	0.8598	0.8608	0.8603
2025-04-22	USD	SGD	1.3481	1.3475	1.3487	1.3481
2025-04-23	USD	EUR	0.9339	0.9335	0.9343	0.9339
2025-04-23	USD	GBP	0.7948	0.7943	0.7953	0.7948
2025-04-23	USD	INR	80.9794	80.9294	81.0294	80.9794
2025-04-23	USD	JPY	142.4068	142.2568	142.5568	142.4068
2025-04-23	USD	CAD	1.3107	1.3099	1.3115	1.3107
2025-04-23	USD	AUD	1.4824	1.4814	1.4834	1.4824
2025-04-23	USD	CHF	0.8872	0.8867	0.8877	0.8872
2025-04-23	USD	SGD	1.3667	1.3661	1.3673	1.3667
2025-04-24	USD	EUR	0.9215	0.9211	0.9219	0.9215
2025-04-24	USD	GBP	0.7823	0.7818	0.7828	0.7823
2025-04-24	USD	INR	85.5049	85.4549	85.5549	85.5049
2025-04-24	USD	JPY	144.0669	143.9169	144.2169	144.0669
2025-04-24	USD	CAD	1.3415	1.3407	1.3423	1.3415
2025-04-24	USD	AUD	1.5397	1.5387	1.5407	1.5397
2025-04-24	USD	CHF	0.8872	0.8867	0.8877	0.8872
2025-04-24	USD	SGD	1.325	1.3244	1.3256	1.325
2025-04-25	USD	EUR	0.9401	0.9397	0.9405	0.9401
2025-04-25	USD	GBP	0.7808	0.7803	0.7813	0.7808
2025-04-25	USD	INR	83.5707	83.5207	83.6207	83.5707
2025-04-25	USD	JPY	140.7122	140.5622	140.8622	140.7122
2025-04-25	USD	CAD	1.3776	1.3768	1.3784	1.3776
2025-04-25	USD	AUD	1.5553	1.5543	1.5563	1.5553
2025-04-25	USD	CHF	0.8908	0.8903	0.8913	0.8908
2025-04-25	USD	SGD	1.3255	1.3249	1.3261	1.3255
2025-04-26	USD	EUR	0.8979	0.8975	0.8983	0.8979
2025-04-26	USD	GBP	0.8068	0.8063	0.8073	0.8068
2025-04-26	USD	INR	85.5473	85.4973	85.5973	85.5473
2025-04-26	USD	JPY	146.7957	146.6457	146.9457	146.7957
2025-04-26	USD	CAD	1.3836	1.3828	1.3844	1.3836
2025-04-26	USD	AUD	1.5135	1.5125	1.5145	1.5135
2025-04-26	USD	CHF	0.8771	0.8766	0.8776	0.8771
2025-04-26	USD	SGD	1.3787	1.3781	1.3793	1.3787
2025-04-27	USD	EUR	0.9307	0.9303	0.9311	0.9307
2025-04-27	USD	GBP	0.8017	0.8012	0.8022	0.8017
2025-04-27	USD	INR	80.7659	80.7159	80.8159	80.7659
2025-04-27	USD	JPY	144.4947	144.3447	144.6447	144.4947
2025-04-27	USD	CAD	1.3886	1.3878	1.3894	1.3886
2025-04-27	USD	AUD	1.5349	1.5339	1.5359	1.5349
2025-04-27	USD	CHF	0.876	0.8755	0.8765	0.876
2025-04-27	USD	SGD	1.3271	1.3265	1.3277	1.3271
2025-04-28	USD	EUR	0.9266	0.9262	0.927	0.9266
2025-04-28	USD	GBP	0.7769	0.7764	0.7774	0.7769
2025-04-28	USD	INR	81.2713	81.2213	81.3213	81.2713
2025-04-28	USD	JPY	140.7178	140.5678	140.8678	140.7178
2025-04-28	USD	CAD	1.388	1.3872	1.3888	1.388
2025-04-28	USD	AUD	1.5545	1.5535	1.5555	1.5545
2025-04-28	USD	CHF	0.8928	0.8923	0.8933	0.8928
2025-04-28	USD	SGD	1.3717	1.3711	1.3723	1.3717
2025-04-29	USD	EUR	0.9058	0.9054	0.9062	0.9058
2025-04-29	USD	GBP	0.8052	0.8047	0.8057	0.8052
2025-04-29	USD	INR	81.4397	81.3897	81.4897	81.4397
2025-04-29	USD	JPY	141.7918	141.6418	141.9418	141.7918
2025-04-29	USD	CAD	1.3894	1.3886	1.3902	1.3894
2025-04-29	USD	AUD	1.5606	1.5596	1.5616	1.5606
2025-04-29	USD	CHF	0.8574	0.8569	0.8579	0.8574
2025-04-29	USD	SGD	1.3136	1.313	1.3142	1.3136
2025-04-30	USD	EUR	0.9304	0.93	0.9308	0.9304
2025-04-30	USD	GBP	0.8	0.7995	0.8005	0.8
2025-04-30	USD	INR	84.3546	84.3046	84.4046	84.3546
2025-04-30	USD	JPY	142.8609	142.7109	143.0109	142.8609
2025-04-30	USD	CAD	1.3161	1.3153	1.3169	1.3161
2025-04-30	USD	AUD	1.5362	1.5352	1.5372	1.5362
2025-04-30	USD	CHF	0.8874	0.8869	0.8879	0.8874
2025-04-30	USD	SGD	1.3337	1.3331	1.3343	1.3337
2025-05-01	USD	EUR	0.93	0.9296	0.9304	0.93
2025-05-01	USD	GBP	0.7662	0.7657	0.7667	0.7662
2025-05-01	USD	INR	83.8943	83.8443	83.9443	83.8943
2025-05-01	USD	JPY	142.3031	142.1531	142.4531	142.3031
2025-05-01	USD	CAD	1.3471	1.3463	1.3479	1.3471
2025-05-01	USD	AUD	1.5268	1.5258	1.5278	1.5268
2025-05-01	USD	CHF	0.8686	0.8681	0.8691	0.8686
2025-05-01	USD	SGD	1.3673	1.3667	1.3679	1.3673
2025-05-02	USD	EUR	0.9282	0.9278	0.9286	0.9282
2025-05-02	USD	GBP	0.796	0.7955	0.7965	0.796
2025-05-02	USD	INR	82.4101	82.3601	82.4601	82.4101
2025-05-02	USD	JPY	140.3474	140.1974	140.4974	140.3474
2025-05-02	USD	CAD	1.3574	1.3566	1.3582	1.3574
2025-05-02	USD	AUD	1.4837	1.4827	1.4847	1.4837
2025-05-02	USD	CHF	0.8605	0.86	0.861	0.8605
2025-05-02	USD	SGD	1.3759	1.3753	1.3765	1.3759
2025-05-03	USD	EUR	0.9014	0.901	0.9018	0.9014
2025-05-03	USD	GBP	0.7925	0.792	0.793	0.7925
2025-05-03	USD	INR	80.7799	80.7299	80.8299	80.7799
2025-05-03	USD	JPY	146.4978	146.3478	146.6478	146.4978
2025-05-03	USD	CAD	1.3441	1.3433	1.3449	1.3441
2025-05-03	USD	AUD	1.4784	1.4774	1.4794	1.4784
2025-05-03	USD	CHF	0.8774	0.8769	0.8779	0.8774
2025-05-03	USD	SGD	1.3801	1.3795	1.3807	1.3801
2025-05-04	USD	EUR	0.9471	0.9467	0.9475	0.9471
2025-05-04	USD	GBP	0.7693	0.7688	0.7698	0.7693
2025-05-04	USD	INR	84.43	84.38	84.48	84.43
2025-05-04	USD	JPY	145.0221	144.8721	145.1721	145.0221
2025-05-04	USD	CAD	1.3503	1.3495	1.3511	1.3503
2025-05-04	USD	AUD	1.5544	1.5534	1.5554	1.5544
2025-05-04	USD	CHF	0.8732	0.8727	0.8737	0.8732
2025-05-04	USD	SGD	1.3062	1.3056	1.3068	1.3062
2025-05-05	USD	EUR	0.9178	0.9174	0.9182	0.9178
2025-05-05	USD	GBP	0.767	0.7665	0.7675	0.767
2025-05-05	USD	INR	80.7305	80.6805	80.7805	80.7305
2025-05-05	USD	JPY	143.2513	143.1013	143.4013	143.2513
2025-05-05	USD	CAD	1.3383	1.3375	1.3391	1.3383
2025-05-05	USD	AUD	1.4805	1.4795	1.4815	1.4805
2025-05-05	USD	CHF	0.8578	0.8573	0.8583	0.8578
2025-05-05	USD	SGD	1.3046	1.304	1.3052	1.3046
2025-05-06	USD	EUR	0.9471	0.9467	0.9475	0.9471
2025-05-06	USD	GBP	0.796	0.7955	0.7965	0.796
2025-05-06	USD	INR	83.6606	83.6106	83.7106	83.6606
2025-05-06	USD	JPY	140.6236	140.4736	140.7736	140.6236
2025-05-06	USD	CAD	1.3899	1.3891	1.3907	1.3899
2025-05-06	USD	AUD	1.5592	1.5582	1.5602	1.5592
2025-05-06	USD	CHF	0.8608	0.8603	0.8613	0.8608
2025-05-06	USD	SGD	1.3613	1.3607	1.3619	1.3613
2025-05-07	USD	EUR	0.9435	0.9431	0.9439	0.9435
2025-05-07	USD	GBP	0.7734	0.7729	0.7739	0.7734
2025-05-07	USD	INR	81.4795	81.4295	81.5295	81.4795
2025-05-07	USD	JPY	140.2788	140.1288	140.4288	140.2788
2025-05-07	USD	CAD	1.3168	1.316	1.3176	1.3168
2025-05-07	USD	AUD	1.5161	1.5151	1.5171	1.5161
2025-05-07	USD	CHF	0.8563	0.8558	0.8568	0.8563
2025-05-07	USD	SGD	1.3317	1.3311	1.3323	1.3317
2025-05-08	USD	EUR	0.8932	0.8928	0.8936	0.8932
2025-05-08	USD	GBP	0.8035	0.803	0.804	0.8035
2025-05-08	USD	INR	83.9708	83.9208	84.0208	83.9708
2025-05-08	USD	JPY	147.1065	146.9565	147.2565	147.1065
2025-05-08	USD	CAD	1.3328	1.332	1.3336	1.3328
2025-05-08	USD	AUD	1.5394	1.5384	1.5404	1.5394
2025-05-08	USD	CHF	0.8848	0.8843	0.8853	0.8848
2025-05-08	USD	SGD	1.3759	1.3753	1.3765	1.3759
2025-05-09	USD	EUR	0.8978	0.8974	0.8982	0.8978
2025-05-09	USD	GBP	0.7948	0.7943	0.7953	0.7948
2025-05-09	USD	INR	81.5619	81.5119	81.6119	81.5619
2025-05-09	USD	JPY	140.5597	140.4097	140.7097	140.5597
2025-05-09	USD	CAD	1.3307	1.3299	1.3315	1.3307
2025-05-09	USD	AUD	1.4912	1.4902	1.4922	1.4912
2025-05-09	USD	CHF	0.8824	0.8819	0.8829	0.8824
2025-05-09	USD	SGD	1.3461	1.3455	1.3467	1.3461
2025-05-10	USD	EUR	0.9028	0.9024	0.9032	0.9028
2025-05-10	USD	GBP	0.7643	0.7638	0.7648	0.7643
2025-05-10	USD	INR	84.7543	84.7043	84.8043	84.7543
2025-05-10	USD	JPY	142.1588	142.0088	142.3088	142.1588
2025-05-10	USD	CAD	1.3737	1.3729	1.3745	1.3737
2025-05-10	USD	AUD	1.5027	1.5017	1.5037	1.5027
2025-05-10	USD	CHF	0.9014	0.9009	0.9019	0.9014
2025-05-10	USD	SGD	1.3479	1.3473	1.3485	1.3479
2025-05-11	USD	EUR	0.9098	0.9094	0.9102	0.9098
2025-05-11	USD	GBP	0.8007	0.8002	0.8012	0.8007
2025-05-11	USD	INR	82.1047	82.0547	82.1547	82.1047
2025-05-11	USD	JPY	146.1296	145.9796	146.2796	146.1296
2025-05-11	USD	CAD	1.3175	1.3167	1.3183	1.3175
2025-05-11	USD	AUD	1.5019	1.5009	1.5029	1.5019
2025-05-11	USD	CHF	0.8922	0.8917	0.8927	0.8922
2025-05-11	USD	SGD	1.3359	1.3353	1.3365	1.3359
2025-05-12	USD	EUR	0.936	0.9356	0.9364	0.936
2025-05-12	USD	GBP	0.8051	0.8046	0.8056	0.8051
2025-05-12	USD	INR	83.8343	83.7843	83.8843	83.8343
2025-05-12	USD	JPY	146.9367	146.7867	147.0867	146.9367
2025-05-12	USD	CAD	1.3442	1.3434	1.345	1.3442
2025-05-12	USD	AUD	1.5359	1.5349	1.5369	1.5359
2025-05-12	USD	CHF	0.8865	0.886	0.887	0.8865
2025-05-12	USD	SGD	1.3214	1.3208	1.322	1.3214
2025-05-13	USD	EUR	0.9332	0.9328	0.9336	0.9332
2025-05-13	USD	GBP	0.805	0.8045	0.8055	0.805
2025-05-13	USD	INR	81.7668	81.7168	81.8168	81.7668
2025-05-13	USD	JPY	145.7615	145.6115	145.9115	145.7615
2025-05-13	USD	CAD	1.3698	1.369	1.3706	1.3698
2025-05-13	USD	AUD	1.4767	1.4757	1.4777	1.4767
2025-05-13	USD	CHF	0.8675	0.867	0.868	0.8675
2025-05-13	USD	SGD	1.3559	1.3553	1.3565	1.3559
2025-05-14	USD	EUR	0.9238	0.9234	0.9242	0.9238
2025-05-14	USD	GBP	0.8064	0.8059	0.8069	0.8064
2025-05-14	USD	INR	82.8959	82.8459	82.9459	82.8959
2025-05-14	USD	JPY	145.875	145.725	146.025	145.875
2025-05-14	USD	CAD	1.3664	1.3656	1.3672	1.3664
2025-05-14	USD	AUD	1.4787	1.4777	1.4797	1.4787
2025-05-14	USD	CHF	0.8684	0.8679	0.8689	0.8684
2025-05-14	USD	SGD	1.3636	1.363	1.3642	1.3636
2025-05-15	USD	EUR	0.9208	0.9204	0.9212	0.9208
2025-05-15	USD	GBP	0.7898	0.7893	0.7903	0.7898
2025-05-15	USD	INR	83.2276	83.1776	83.2776	83.2276
2025-05-15	USD	JPY	147.6203	147.4703	147.7703	147.6203
2025-05-15	USD	CAD	1.3554	1.3546	1.3562	1.3554
2025-05-15	USD	AUD	1.5297	1.5287	1.5307	1.5297
2025-05-15	USD	CHF	0.8949	0.8944	0.8954	0.8949
2025-05-15	USD	SGD	1.3535	1.3529	1.3541	1.3535
2025-05-16	USD	EUR	0.9459	0.9455	0.9463	0.9459
2025-05-16	USD	GBP	0.7624	0.7619	0.7629	0.7624
2025-05-16	USD	INR	82.9163	82.8663	82.9663	82.9163
2025-05-16	USD	JPY	141.2775	141.1275	141.4275	141.2775
2025-05-16	USD	CAD	1.3641	1.3633	1.3649	1.3641
2025-05-16	USD	AUD	1.48	1.479	1.481	1.48
2025-05-16	USD	CHF	0.9056	0.9051	0.9061	0.9056
2025-05-16	USD	SGD	1.3781	1.3775	1.3787	1.3781
2025-05-17	USD	EUR	0.934	0.9336	0.9344	0.934
2025-05-17	USD	GBP	0.8072	0.8067	0.8077	0.8072
2025-05-17	USD	INR	80.7619	80.7119	80.8119	80.7619
2025-05-17	USD	JPY	141.3979	141.2479	141.5479	141.3979
2025-05-17	USD	CAD	1.3866	1.3858	1.3874	1.3866
2025-05-17	USD	AUD	1.4751	1.4741	1.4761	1.4751
2025-05-17	USD	CHF	0.8741	0.8736	0.8746	0.8741
2025-05-17	USD	SGD	1.3013	1.3007	1.3019	1.3013
2025-05-18	USD	EUR	0.9433	0.9429	0.9437	0.9433
2025-05-18	USD	GBP	0.7849	0.7844	0.7854	0.7849
2025-05-18	USD	INR	84.1692	84.1192	84.2192	84.1692
2025-05-18	USD	JPY	145.7354	145.5854	145.8854	145.7354
2025-05-18	USD	CAD	1.3625	1.3617	1.3633	1.3625
2025-05-18	USD	AUD	1.5611	1.5601	1.5621	1.5611
2025-05-18	USD	CHF	0.8646	0.8641	0.8651	0.8646
2025-05-18	USD	SGD	1.3708	1.3702	1.3714	1.3708
2025-05-19	USD	EUR	0.9062	0.9058	0.9066	0.9062
2025-05-19	USD	GBP	0.7881	0.7876	0.7886	0.7881
2025-05-19	USD	INR	80.736	80.686	80.786	80.736
2025-05-19	USD	JPY	146.8541	146.7041	147.0041	146.8541
2025-05-19	USD	CAD	1.3629	1.3621	1.3637	1.3629
2025-05-19	USD	AUD	1.5396	1.5386	1.5406	1.5396
2025-05-19	USD	CHF	0.8658	0.8653	0.8663	0.8658
2025-05-19	USD	SGD	1.3798	1.3792	1.3804	1.3798
2025-05-20	USD	EUR	0.9019	0.9015	0.9023	0.9019
2025-05-20	USD	GBP	0.7727	0.7722	0.7732	0.7727
2025-05-20	USD	INR	82.1393	82.0893	82.1893	82.1393
2025-05-20	USD	JPY	142.4337	142.2837	142.5837	142.4337
2025-05-20	USD	CAD	1.3298	1.329	1.3306	1.3298
2025-05-20	USD	AUD	1.4836	1.4826	1.4846	1.4836
2025-05-20	USD	CHF	0.8588	0.8583	0.8593	0.8588
2025-05-20	USD	SGD	1.3702	1.3696	1.3708	1.3702
2025-05-21	USD	EUR	0.9055	0.9051	0.9059	0.9055
2025-05-21	USD	GBP	0.8004	0.7999	0.8009	0.8004
2025-05-21	USD	INR	80.6376	80.5876	80.6876	80.6376
2025-05-21	USD	JPY	142.2524	142.1024	142.4024	142.2524
2025-05-21	USD	CAD	1.3871	1.3863	1.3879	1.3871
2025-05-21	USD	AUD	1.5493	1.5483	1.5503	1.5493
2025-05-21	USD	CHF	0.8841	0.8836	0.8846	0.8841
2025-05-21	USD	SGD	1.3231	1.3225	1.3237	1.3231
2025-05-22	USD	EUR	0.9218	0.9214	0.9222	0.9218
2025-05-22	USD	GBP	0.7976	0.7971	0.7981	0.7976
2025-05-22	USD	INR	85.0524	85.0024	85.1024	85.0524
2025-05-22	USD	JPY	148.2266	148.0766	148.3766	148.2266
2025-05-22	USD	CAD	1.3862	1.3854	1.387	1.3862
2025-05-22	USD	AUD	1.5597	1.5587	1.5607	1.5597
2025-05-22	USD	CHF	0.8582	0.8577	0.8587	0.8582
2025-05-22	USD	SGD	1.3047	1.3041	1.3053	1.3047
2025-05-23	USD	EUR	0.9035	0.9031	0.9039	0.9035
2025-05-23	USD	GBP	0.7834	0.7829	0.7839	0.7834
2025-05-23	USD	INR	81.5078	81.4578	81.5578	81.5078
2025-05-23	USD	JPY	146.1797	146.0297	146.3297	146.1797
2025-05-23	USD	CAD	1.3295	1.3287	1.3303	1.3295
2025-05-23	USD	AUD	1.5414	1.5404	1.5424	1.5414
2025-05-23	USD	CHF	0.8733	0.8728	0.8738	0.8733
2025-05-23	USD	SGD	1.3343	1.3337	1.3349	1.3343
2025-05-24	USD	EUR	0.9238	0.9234	0.9242	0.9238
2025-05-24	USD	GBP	0.7979	0.7974	0.7984	0.7979
2025-05-24	USD	INR	82.7839	82.7339	82.8339	82.7839
2025-05-24	USD	JPY	147.0193	146.8693	147.1693	147.0193
2025-05-24	USD	CAD	1.3382	1.3374	1.339	1.3382
2025-05-24	USD	AUD	1.4908	1.4898	1.4918	1.4908
2025-05-24	USD	CHF	0.8984	0.8979	0.8989	0.8984
2025-05-24	USD	SGD	1.3146	1.314	1.3152	1.3146
2025-05-25	USD	EUR	0.9185	0.9181	0.9189	0.9185
2025-05-25	USD	GBP	0.7699	0.7694	0.7704	0.7699
2025-05-25	USD	INR	83.7777	83.7277	83.8277	83.7777
2025-05-25	USD	JPY	141.2349	141.0849	141.3849	141.2349
2025-05-25	USD	CAD	1.3152	1.3144	1.316	1.3152
2025-05-25	USD	AUD	1.4812	1.4802	1.4822	1.4812
2025-05-25	USD	CHF	0.8949	0.8944	0.8954	0.8949
2025-05-25	USD	SGD	1.3739	1.3733	1.3745	1.3739
2025-05-26	USD	EUR	0.9226	0.9222	0.923	0.9226
2025-05-26	USD	GBP	0.7762	0.7757	0.7767	0.7762
2025-05-26	USD	INR	85.4661	85.4161	85.5161	85.4661
2025-05-26	USD	JPY	145.7007	145.5507	145.8507	145.7007
2025-05-26	USD	CAD	1.3821	1.3813	1.3829	1.3821
2025-05-26	USD	AUD	1.5234	1.5224	1.5244	1.5234
2025-05-26	USD	CHF	0.8841	0.8836	0.8846	0.8841
2025-05-26	USD	SGD	1.3421	1.3415	1.3427	1.3421
2025-05-27	USD	EUR	0.9215	0.9211	0.9219	0.9215
2025-05-27	USD	GBP	0.7734	0.7729	0.7739	0.7734
2025-05-27	USD	INR	81.4249	81.3749	81.4749	81.4249
2025-05-27	USD	JPY	147.9677	147.8177	148.1177	147.9677
2025-05-27	USD	CAD	1.3504	1.3496	1.3512	1.3504
2025-05-27	USD	AUD	1.4876	1.4866	1.4886	1.4876
2025-05-27	USD	CHF	0.9028	0.9023	0.9033	0.9028
2025-05-27	USD	SGD	1.3747	1.3741	1.3753	1.3747
2025-05-28	USD	EUR	0.9084	0.908	0.9088	0.9084
2025-05-28	USD	GBP	0.8073	0.8068	0.8078	0.8073
2025-05-28	USD	INR	83.1885	83.1385	83.2385	83.1885
2025-05-28	USD	JPY	148.5508	148.4008	148.7008	148.5508
2025-05-28	USD	CAD	1.3285	1.3277	1.3293	1.3285
2025-05-28	USD	AUD	1.554	1.553	1.555	1.554
2025-05-28	USD	CHF	0.9008	0.9003	0.9013	0.9008
2025-05-28	USD	SGD	1.3451	1.3445	1.3457	1.3451
2025-05-29	USD	EUR	0.9324	0.932	0.9328	0.9324
2025-05-29	USD	GBP	0.8068	0.8063	0.8073	0.8068
2025-05-29	USD	INR	81.5195	81.4695	81.5695	81.5195
2025-05-29	USD	JPY	147.0857	146.9357	147.2357	147.0857
2025-05-29	USD	CAD	1.3198	1.319	1.3206	1.3198
2025-05-29	USD	AUD	1.4871	1.4861	1.4881	1.4871
2025-05-29	USD	CHF	0.8879	0.8874	0.8884	0.8879
2025-05-29	USD	SGD	1.3683	1.3677	1.3689	1.3683
2025-05-30	USD	EUR	0.9166	0.9162	0.917	0.9166
2025-05-30	USD	GBP	0.794	0.7935	0.7945	0.794
2025-05-30	USD	INR	81.773	81.723	81.823	81.773
2025-05-30	USD	JPY	144.5627	144.4127	144.7127	144.5627
2025-05-30	USD	CAD	1.3891	1.3883	1.3899	1.3891
2025-05-30	USD	AUD	1.5281	1.5271	1.5291	1.5281
2025-05-30	USD	CHF	0.8654	0.8649	0.8659	0.8654
2025-05-30	USD	SGD	1.3591	1.3585	1.3597	1.3591
2025-05-31	USD	EUR	0.936	0.9356	0.9364	0.936
2025-05-31	USD	GBP	0.8034	0.8029	0.8039	0.8034
2025-05-31	USD	INR	81.0079	80.9579	81.0579	81.0079
2025-05-31	USD	JPY	144.5933	144.4433	144.7433	144.5933
2025-05-31	USD	CAD	1.3814	1.3806	1.3822	1.3814
2025-05-31	USD	AUD	1.4978	1.4968	1.4988	1.4978
2025-05-31	USD	CHF	0.8952	0.8947	0.8957	0.8952
2025-05-31	USD	SGD	1.3147	1.3141	1.3153	1.3147
2025-06-01	USD	EUR	0.9149	0.9145	0.9153	0.9149
2025-06-01	USD	GBP	0.7678	0.7673	0.7683	0.7678
2025-06-01	USD	INR	80.9535	80.9035	81.0035	80.9535
2025-06-01	USD	JPY	144.224	144.074	144.374	144.224
2025-06-01	USD	CAD	1.3756	1.3748	1.3764	1.3756
2025-06-01	USD	AUD	1.4952	1.4942	1.4962	1.4952
2025-06-01	USD	CHF	0.8812	0.8807	0.8817	0.8812
2025-06-01	USD	SGD	1.3751	1.3745	1.3757	1.3751
2025-06-02	USD	EUR	0.9435	0.9431	0.9439	0.9435
2025-06-02	USD	GBP	0.8052	0.8047	0.8057	0.8052
2025-06-02	USD	INR	84.004	83.954	84.054	84.004
2025-06-02	USD	JPY	142.1424	141.9924	142.2924	142.1424
2025-06-02	USD	CAD	1.3879	1.3871	1.3887	1.3879
2025-06-02	USD	AUD	1.5094	1.5084	1.5104	1.5094
2025-06-02	USD	CHF	0.8745	0.874	0.875	0.8745
2025-06-02	USD	SGD	1.3462	1.3456	1.3468	1.3462
2025-06-03	USD	EUR	0.9439	0.9435	0.9443	0.9439
2025-06-03	USD	GBP	0.8035	0.803	0.804	0.8035
2025-06-03	USD	INR	83.3883	83.3383	83.4383	83.3883
2025-06-03	USD	JPY	142.3795	142.2295	142.5295	142.3795
2025-06-03	USD	CAD	1.3386	1.3378	1.3394	1.3386
2025-06-03	USD	AUD	1.5564	1.5554	1.5574	1.5564
2025-06-03	USD	CHF	0.8882	0.8877	0.8887	0.8882
2025-06-03	USD	SGD	1.3106	1.31	1.3112	1.3106
2025-06-04	USD	EUR	0.8968	0.8964	0.8972	0.8968
2025-06-04	USD	GBP	0.8038	0.8033	0.8043	0.8038
2025-06-04	USD	INR	81.0702	81.0202	81.1202	81.0702
2025-06-04	USD	JPY	140.6608	140.5108	140.8108	140.6608
2025-06-04	USD	CAD	1.3451	1.3443	1.3459	1.3451
2025-06-04	USD	AUD	1.5294	1.5284	1.5304	1.5294
2025-06-04	USD	CHF	0.8634	0.8629	0.8639	0.8634
2025-06-04	USD	SGD	1.3016	1.301	1.3022	1.3016
2025-06-05	USD	EUR	0.9257	0.9253	0.9261	0.9257
2025-06-05	USD	GBP	0.7847	0.7842	0.7852	0.7847
2025-06-05	USD	INR	81.2063	81.1563	81.2563	81.2063
2025-06-05	USD	JPY	142.5833	142.4333	142.7333	142.5833
2025-06-05	USD	CAD	1.335	1.3342	1.3358	1.335
2025-06-05	USD	AUD	1.5489	1.5479	1.5499	1.5489
2025-06-05	USD	CHF	0.8777	0.8772	0.8782	0.8777
2025-06-05	USD	SGD	1.3127	1.3121	1.3133	1.3127
2025-06-06	USD	EUR	0.8955	0.8951	0.8959	0.8955
2025-06-06	USD	GBP	0.8027	0.8022	0.8032	0.8027
2025-06-06	USD	INR	84.7684	84.7184	84.8184	84.7684
2025-06-06	USD	JPY	143.7289	143.5789	143.8789	143.7289
2025-06-06	USD	CAD	1.3712	1.3704	1.372	1.3712
2025-06-06	USD	AUD	1.4982	1.4972	1.4992	1.4982
2025-06-06	USD	CHF	0.8653	0.8648	0.8658	0.8653
2025-06-06	USD	SGD	1.3462	1.3456	1.3468	1.3462
2025-06-07	USD	EUR	0.9309	0.9305	0.9313	0.9309
2025-06-07	USD	GBP	0.7847	0.7842	0.7852	0.7847
2025-06-07	USD	INR	81.4899	81.4399	81.5399	81.4899
2025-06-07	USD	JPY	145.8194	145.6694	145.9694	145.8194
2025-06-07	USD	CAD	1.3861	1.3853	1.3869	1.3861
2025-06-07	USD	AUD	1.5058	1.5048	1.5068	1.5058
2025-06-07	USD	CHF	0.8683	0.8678	0.8688	0.8683
2025-06-07	USD	SGD	1.3207	1.3201	1.3213	1.3207
2025-06-08	USD	EUR	0.9008	0.9004	0.9012	0.9008
2025-06-08	USD	GBP	0.781	0.7805	0.7815	0.781
2025-06-08	USD	INR	84.9101	84.8601	84.9601	84.9101
2025-06-08	USD	JPY	141.3414	141.1914	141.4914	141.3414
2025-06-08	USD	CAD	1.3304	1.3296	1.3312	1.3304
2025-06-08	USD	AUD	1.4751	1.4741	1.4761	1.4751
2025-06-08	USD	CHF	0.8694	0.8689	0.8699	0.8694
2025-06-08	USD	SGD	1.3443	1.3437	1.3449	1.3443
2025-06-09	USD	EUR	0.8931	0.8927	0.8935	0.8931
2025-06-09	USD	GBP	0.7806	0.7801	0.7811	0.7806
2025-06-09	USD	INR	83.5353	83.4853	83.5853	83.5353
2025-06-09	USD	JPY	145.7768	145.6268	145.9268	145.7768
2025-06-09	USD	CAD	1.3644	1.3636	1.3652	1.3644
2025-06-09	USD	AUD	1.5525	1.5515	1.5535	1.5525
2025-06-09	USD	CHF	0.9018	0.9013	0.9023	0.9018
2025-06-09	USD	SGD	1.3477	1.3471	1.3483	1.3477
2025-06-10	USD	EUR	0.9475	0.9471	0.9479	0.9475
2025-06-10	USD	GBP	0.7858	0.7853	0.7863	0.7858
2025-06-10	USD	INR	82.1044	82.0544	82.1544	82.1044
2025-06-10	USD	JPY	147.5608	147.4108	147.7108	147.5608
2025-06-10	USD	CAD	1.3141	1.3133	1.3149	1.3141
2025-06-10	USD	AUD	1.5516	1.5506	1.5526	1.5516
2025-06-10	USD	CHF	0.873	0.8725	0.8735	0.873
2025-06-10	USD	SGD	1.3568	1.3562	1.3574	1.3568
2025-06-11	USD	EUR	0.9209	0.9205	0.9213	0.9209
2025-06-11	USD	GBP	0.768	0.7675	0.7685	0.768
2025-06-11	USD	INR	80.9088	80.8588	80.9588	80.9088
2025-06-11	USD	JPY	144.2169	144.0669	144.3669	144.2169
2025-06-11	USD	CAD	1.361	1.3602	1.3618	1.361
2025-06-11	USD	AUD	1.5453	1.5443	1.5463	1.5453
2025-06-11	USD	CHF	0.8686	0.8681	0.8691	0.8686
2025-06-11	USD	SGD	1.351	1.3504	1.3516	1.351
2025-06-12	USD	EUR	0.9403	0.9399	0.9407	0.9403
2025-06-12	USD	GBP	0.7814	0.7809	0.7819	0.7814
2025-06-12	USD	INR	84.4041	84.3541	84.4541	84.4041
2025-06-12	USD	JPY	146.3889	146.2389	146.5389	146.3889
2025-06-12	USD	CAD	1.3745	1.3737	1.3753	1.3745
2025-06-12	USD	AUD	1.5281	1.5271	1.5291	1.5281
2025-06-12	USD	CHF	0.88	0.8795	0.8805	0.88
2025-06-12	USD	SGD	1.3668	1.3662	1.3674	1.3668
2025-06-13	USD	EUR	0.9422	0.9418	0.9426	0.9422
2025-06-13	USD	GBP	0.7986	0.7981	0.7991	0.7986
2025-06-13	USD	INR	84.389	84.339	84.439	84.389
2025-06-13	USD	JPY	140.8973	140.7473	141.0473	140.8973
2025-06-13	USD	CAD	1.3127	1.3119	1.3135	1.3127
2025-06-13	USD	AUD	1.5632	1.5622	1.5642	1.5632
2025-06-13	USD	CHF	0.9038	0.9033	0.9043	0.9038
2025-06-13	USD	SGD	1.32	1.3194	1.3206	1.32
2025-06-14	USD	EUR	0.924	0.9236	0.9244	0.924
2025-06-14	USD	GBP	0.7631	0.7626	0.7636	0.7631
2025-06-14	USD	INR	84.7345	84.6845	84.7845	84.7345
2025-06-14	USD	JPY	147.1901	147.0401	147.3401	147.1901
2025-06-14	USD	CAD	1.3254	1.3246	1.3262	1.3254
2025-06-14	USD	AUD	1.5173	1.5163	1.5183	1.5173
2025-06-14	USD	CHF	0.8977	0.8972	0.8982	0.8977
2025-06-14	USD	SGD	1.3567	1.3561	1.3573	1.3567
2025-06-15	USD	EUR	0.9318	0.9314	0.9322	0.9318
2025-06-15	USD	GBP	0.7833	0.7828	0.7838	0.7833
2025-06-15	USD	INR	81.7225	81.6725	81.7725	81.7225
2025-06-15	USD	JPY	144.9446	144.7946	145.0946	144.9446
2025-06-15	USD	CAD	1.3147	1.3139	1.3155	1.3147
2025-06-15	USD	AUD	1.5633	1.5623	1.5643	1.5633
2025-06-15	USD	CHF	0.8921	0.8916	0.8926	0.8921
2025-06-15	USD	SGD	1.3624	1.3618	1.363	1.3624
2025-06-16	USD	EUR	0.9464	0.946	0.9468	0.9464
2025-06-16	USD	GBP	0.7746	0.7741	0.7751	0.7746
2025-06-16	USD	INR	85.2996	85.2496	85.3496	85.2996
2025-06-16	USD	JPY	145.8268	145.6768	145.9768	145.8268
2025-06-16	USD	CAD	1.3624	1.3616	1.3632	1.3624
2025-06-16	USD	AUD	1.5222	1.5212	1.5232	1.5222
2025-06-16	USD	CHF	0.9051	0.9046	0.9056	0.9051
2025-06-16	USD	SGD	1.3575	1.3569	1.3581	1.3575
2025-06-17	USD	EUR	0.9013	0.9009	0.9017	0.9013
2025-06-17	USD	GBP	0.8001	0.7996	0.8006	0.8001
2025-06-17	USD	INR	83.9025	83.8525	83.9525	83.9025
2025-06-17	USD	JPY	147.0878	146.9378	147.2378	147.0878
2025-06-17	USD	CAD	1.3563	1.3555	1.3571	1.3563
2025-06-17	USD	AUD	1.5085	1.5075	1.5095	1.5085
2025-06-17	USD	CHF	0.8734	0.8729	0.8739	0.8734
2025-06-17	USD	SGD	1.3061	1.3055	1.3067	1.3061
2025-06-18	USD	EUR	0.9103	0.9099	0.9107	0.9103
2025-06-18	USD	GBP	0.8042	0.8037	0.8047	0.8042
2025-06-18	USD	INR	83.6347	83.5847	83.6847	83.6347
2025-06-18	USD	JPY	140.5454	140.3954	140.6954	140.5454
2025-06-18	USD	CAD	1.3491	1.3483	1.3499	1.3491
2025-06-18	USD	AUD	1.5417	1.5407	1.5427	1.5417
2025-06-18	USD	CHF	0.871	0.8705	0.8715	0.871
2025-06-18	USD	SGD	1.302	1.3014	1.3026	1.302
2025-06-19	USD	EUR	0.9188	0.9184	0.9192	0.9188
2025-06-19	USD	GBP	0.7709	0.7704	0.7714	0.7709
2025-06-19	USD	INR	83.6693	83.6193	83.7193	83.6693
2025-06-19	USD	JPY	143.2665	143.1165	143.4165	143.2665
2025-06-19	USD	CAD	1.3526	1.3518	1.3534	1.3526
2025-06-19	USD	AUD	1.5371	1.5361	1.5381	1.5371
2025-06-19	USD	CHF	0.8993	0.8988	0.8998	0.8993
2025-06-19	USD	SGD	1.3154	1.3148	1.316	1.3154
2025-06-20	USD	EUR	0.9469	0.9465	0.9473	0.9469
2025-06-20	USD	GBP	0.7726	0.7721	0.7731	0.7726
2025-06-20	USD	INR	82.0586	82.0086	82.1086	82.0586
2025-06-20	USD	JPY	146.8244	146.6744	146.9744	146.8244
2025-06-20	USD	CAD	1.3333	1.3325	1.3341	1.3333
2025-06-20	USD	AUD	1.5274	1.5264	1.5284	1.5274
2025-06-20	USD	CHF	0.8978	0.8973	0.8983	0.8978
2025-06-20	USD	SGD	1.345	1.3444	1.3456	1.345
2025-06-21	USD	EUR	0.9167	0.9163	0.9171	0.9167
2025-06-21	USD	GBP	0.7738	0.7733	0.7743	0.7738
2025-06-21	USD	INR	82.3437	82.2937	82.3937	82.3437
2025-06-21	USD	JPY	142.8537	142.7037	143.0037	142.8537
2025-06-21	USD	CAD	1.3605	1.3597	1.3613	1.3605
2025-06-21	USD	AUD	1.526	1.525	1.527	1.526
2025-06-21	USD	CHF	0.8925	0.892	0.893	0.8925
2025-06-21	USD	SGD	1.349	1.3484	1.3496	1.349
2025-06-22	USD	EUR	0.8972	0.8968	0.8976	0.8972
2025-06-22	USD	GBP	0.7894	0.7889	0.7899	0.7894
2025-06-22	USD	INR	84.9795	84.9295	85.0295	84.9795
2025-06-22	USD	JPY	143.9849	143.8349	144.1349	143.9849
2025-06-22	USD	CAD	1.3533	1.3525	1.3541	1.3533
2025-06-22	USD	AUD	1.5247	1.5237	1.5257	1.5247
2025-06-22	USD	CHF	0.901	0.9005	0.9015	0.901
2025-06-22	USD	SGD	1.331	1.3304	1.3316	1.331
2025-06-23	USD	EUR	0.9047	0.9043	0.9051	0.9047
2025-06-23	USD	GBP	0.7981	0.7976	0.7986	0.7981
2025-06-23	USD	INR	83.5877	83.5377	83.6377	83.5877
2025-06-23	USD	JPY	148.454	148.304	148.604	148.454
2025-06-23	USD	CAD	1.3765	1.3757	1.3773	1.3765
2025-06-23	USD	AUD	1.5087	1.5077	1.5097	1.5087
2025-06-23	USD	CHF	0.8687	0.8682	0.8692	0.8687
2025-06-23	USD	SGD	1.3247	1.3241	1.3253	1.3247
2025-06-24	USD	EUR	0.8962	0.8958	0.8966	0.8962
2025-06-24	USD	GBP	0.7877	0.7872	0.7882	0.7877
2025-06-24	USD	INR	84.5643	84.5143	84.6143	84.5643
2025-06-24	USD	JPY	144.7677	144.6177	144.9177	144.7677
2025-06-24	USD	CAD	1.3371	1.3363	1.3379	1.3371
2025-06-24	USD	AUD	1.5382	1.5372	1.5392	1.5382
2025-06-24	USD	CHF	0.8839	0.8834	0.8844	0.8839
2025-06-24	USD	SGD	1.3002	1.2996	1.3008	1.3002
2025-06-25	USD	EUR	0.8952	0.8948	0.8956	0.8952
2025-06-25	USD	GBP	0.7689	0.7684	0.7694	0.7689
2025-06-25	USD	INR	81.1312	81.0812	81.1812	81.1312
2025-06-25	USD	JPY	148.017	147.867	148.167	148.017
2025-06-25	USD	CAD	1.3698	1.369	1.3706	1.3698
2025-06-25	USD	AUD	1.5539	1.5529	1.5549	1.5539
2025-06-25	USD	CHF	0.8771	0.8766	0.8776	0.8771
2025-06-25	USD	SGD	1.3507	1.3501	1.3513	1.3507
2025-06-26	USD	EUR	0.9375	0.9371	0.9379	0.9375
2025-06-26	USD	GBP	0.7837	0.7832	0.7842	0.7837
2025-06-26	USD	INR	84.5883	84.5383	84.6383	84.5883
2025-06-26	USD	JPY	142.5877	142.4377	142.7377	142.5877
2025-06-26	USD	CAD	1.3291	1.3283	1.3299	1.3291
2025-06-26	USD	AUD	1.554	1.553	1.555	1.554
2025-06-26	USD	CHF	0.8809	0.8804	0.8814	0.8809
2025-06-26	USD	SGD	1.364	1.3634	1.3646	1.364
2025-06-27	USD	EUR	0.9046	0.9042	0.905	0.9046
2025-06-27	USD	GBP	0.7644	0.7639	0.7649	0.7644
2025-06-27	USD	INR	85.3088	85.2588	85.3588	85.3088
2025-06-27	USD	JPY	145.2046	145.0546	145.3546	145.2046
2025-06-27	USD	CAD	1.3303	1.3295	1.3311	1.3303
2025-06-27	USD	AUD	1.514	1.513	1.515	1.514
2025-06-27	USD	CHF	0.868	0.8675	0.8685	0.868
2025-06-27	USD	SGD	1.3171	1.3165	1.3177	1.3171
2025-06-28	USD	EUR	0.8995	0.8991	0.8999	0.8995
2025-06-28	USD	GBP	0.7847	0.7842	0.7852	0.7847
2025-06-28	USD	INR	85.5055	85.4555	85.5555	85.5055
2025-06-28	USD	JPY	148.537	148.387	148.687	148.537
2025-06-28	USD	CAD	1.3418	1.341	1.3426	1.3418
2025-06-28	USD	AUD	1.5493	1.5483	1.5503	1.5493
2025-06-28	USD	CHF	0.8872	0.8867	0.8877	0.8872
2025-06-28	USD	SGD	1.3703	1.3697	1.3709	1.3703
2025-06-29	USD	EUR	0.9274	0.927	0.9278	0.9274
2025-06-29	USD	GBP	0.7788	0.7783	0.7793	0.7788
2025-06-29	USD	INR	81.3005	81.2505	81.3505	81.3005
2025-06-29	USD	JPY	141.7231	141.5731	141.8731	141.7231
2025-06-29	USD	CAD	1.3446	1.3438	1.3454	1.3446
2025-06-29	USD	AUD	1.5551	1.5541	1.5561	1.5551
2025-06-29	USD	CHF	0.876	0.8755	0.8765	0.876
2025-06-29	USD	SGD	1.3801	1.3795	1.3807	1.3801
2025-06-30	USD	EUR	0.9157	0.9153	0.9161	0.9157
2025-06-30	USD	GBP	0.7799	0.7794	0.7804	0.7799
2025-06-30	USD	INR	82.9314	82.8814	82.9814	82.9314
2025-06-30	USD	JPY	143.114	142.964	143.264	143.114
2025-06-30	USD	CAD	1.3805	1.3797	1.3813	1.3805
2025-06-30	USD	AUD	1.5362	1.5352	1.5372	1.5362
2025-06-30	USD	CHF	0.8717	0.8712	0.8722	0.8717
2025-06-30	USD	SGD	1.3742	1.3736	1.3748	1.3742
2025-07-01	USD	EUR	0.9187	0.9183	0.9191	0.9187
2025-07-01	USD	GBP	0.7699	0.7694	0.7704	0.7699
2025-07-01	USD	INR	83.4319	83.3819	83.4819	83.4319
2025-07-01	USD	JPY	143.9331	143.7831	144.0831	143.9331
2025-07-01	USD	CAD	1.3889	1.3881	1.3897	1.3889
2025-07-01	USD	AUD	1.4786	1.4776	1.4796	1.4786
2025-07-01	USD	CHF	0.8604	0.8599	0.8609	0.8604
2025-07-01	USD	SGD	1.3049	1.3043	1.3055	1.3049
2025-07-02	USD	EUR	0.9459	0.9455	0.9463	0.9459
2025-07-02	USD	GBP	0.7932	0.7927	0.7937	0.7932
2025-07-02	USD	INR	83.4713	83.4213	83.5213	83.4713
2025-07-02	USD	JPY	140.1828	140.0328	140.3328	140.1828
2025-07-02	USD	CAD	1.3731	1.3723	1.3739	1.3731
2025-07-02	USD	AUD	1.5542	1.5532	1.5552	1.5542
2025-07-02	USD	CHF	0.8919	0.8914	0.8924	0.8919
2025-07-02	USD	SGD	1.3036	1.303	1.3042	1.3036
2025-07-03	USD	EUR	0.9289	0.9285	0.9293	0.9289
2025-07-03	USD	GBP	0.7673	0.7668	0.7678	0.7673
2025-07-03	USD	INR	85.4097	85.3597	85.4597	85.4097
2025-07-03	USD	JPY	144.852	144.702	145.002	144.852
2025-07-03	USD	CAD	1.3511	1.3503	1.3519	1.3511
2025-07-03	USD	AUD	1.5059	1.5049	1.5069	1.5059
2025-07-03	USD	CHF	0.8759	0.8754	0.8764	0.8759
2025-07-03	USD	SGD	1.3594	1.3588	1.36	1.3594
2025-07-04	USD	EUR	0.9027	0.9023	0.9031	0.9027
2025-07-04	USD	GBP	0.7633	0.7628	0.7638	0.7633
2025-07-04	USD	INR	84.0223	83.9723	84.0723	84.0223
2025-07-04	USD	JPY	148.5794	148.4294	148.7294	148.5794
2025-07-04	USD	CAD	1.3188	1.318	1.3196	1.3188
2025-07-04	USD	AUD	1.535	1.534	1.536	1.535
2025-07-04	USD	CHF	0.8834	0.8829	0.8839	0.8834
2025-07-04	USD	SGD	1.3226	1.322	1.3232	1.3226
2025-07-05	USD	EUR	0.9278	0.9274	0.9282	0.9278
2025-07-05	USD	GBP	0.801	0.8005	0.8015	0.801
2025-07-05	USD	INR	83.7316	83.6816	83.7816	83.7316
2025-07-05	USD	JPY	141.6602	141.5102	141.8102	141.6602
2025-07-05	USD	CAD	1.3903	1.3895	1.3911	1.3903
2025-07-05	USD	AUD	1.5122	1.5112	1.5132	1.5122
2025-07-05	USD	CHF	0.8737	0.8732	0.8742	0.8737
2025-07-05	USD	SGD	1.3157	1.3151	1.3163	1.3157
2025-07-06	USD	EUR	0.9407	0.9403	0.9411	0.9407
2025-07-06	USD	GBP	0.7635	0.763	0.764	0.7635
2025-07-06	USD	INR	81.3118	81.2618	81.3618	81.3118
2025-07-06	USD	JPY	140.1781	140.0281	140.3281	140.1781
2025-07-06	USD	CAD	1.3371	1.3363	1.3379	1.3371
2025-07-06	USD	AUD	1.5505	1.5495	1.5515	1.5505
2025-07-06	USD	CHF	0.8864	0.8859	0.8869	0.8864
2025-07-06	USD	SGD	1.378	1.3774	1.3786	1.378
2025-07-07	USD	EUR	0.9052	0.9048	0.9056	0.9052
2025-07-07	USD	GBP	0.7987	0.7982	0.7992	0.7987
2025-07-07	USD	INR	85.0421	84.9921	85.0921	85.0421
2025-07-07	USD	JPY	140.4066	140.2566	140.5566	140.4066
2025-07-07	USD	CAD	1.3162	1.3154	1.317	1.3162
2025-07-07	USD	AUD	1.4854	1.4844	1.4864	1.4854
2025-07-07	USD	CHF	0.884	0.8835	0.8845	0.884
2025-07-07	USD	SGD	1.3529	1.3523	1.3535	1.3529
2025-07-08	USD	EUR	0.9158	0.9154	0.9162	0.9158
2025-07-08	USD	GBP	0.7743	0.7738	0.7748	0.7743
2025-07-08	USD	INR	82.3246	82.2746	82.3746	82.3246
2025-07-08	USD	JPY	145.2258	145.0758	145.3758	145.2258
2025-07-08	USD	CAD	1.3299	1.3291	1.3307	1.3299
2025-07-08	USD	AUD	1.4987	1.4977	1.4997	1.4987
2025-07-08	USD	CHF	0.9052	0.9047	0.9057	0.9052
2025-07-08	USD	SGD	1.328	1.3274	1.3286	1.328
2025-07-09	USD	EUR	0.9003	0.8999	0.9007	0.9003
2025-07-09	USD	GBP	0.7782	0.7777	0.7787	0.7782
2025-07-09	USD	INR	84.531	84.481	84.581	84.531
2025-07-09	USD	JPY	145.1883	145.0383	145.3383	145.1883
2025-07-09	USD	CAD	1.3128	1.312	1.3136	1.3128
2025-07-09	USD	AUD	1.4825	1.4815	1.4835	1.4825
2025-07-09	USD	CHF	0.8684	0.8679	0.8689	0.8684
2025-07-09	USD	SGD	1.357	1.3564	1.3576	1.357
2025-07-10	USD	EUR	0.8995	0.8991	0.8999	0.8995
2025-07-10	USD	GBP	0.7879	0.7874	0.7884	0.7879
2025-07-10	USD	INR	82.6425	82.5925	82.6925	82.6425
2025-07-10	USD	JPY	146.5464	146.3964	146.6964	146.5464
2025-07-10	USD	CAD	1.3702	1.3694	1.371	1.3702
2025-07-10	USD	AUD	1.4771	1.4761	1.4781	1.4771
2025-07-10	USD	CHF	0.8838	0.8833	0.8843	0.8838
2025-07-10	USD	SGD	1.3598	1.3592	1.3604	1.3598
2025-07-11	USD	EUR	0.9408	0.9404	0.9412	0.9408
2025-07-11	USD	GBP	0.7753	0.7748	0.7758	0.7753
2025-07-11	USD	INR	84.492	84.442	84.542	84.492
2025-07-11	USD	JPY	144.3313	144.1813	144.4813	144.3313
2025-07-11	USD	CAD	1.348	1.3472	1.3488	1.348
2025-07-11	USD	AUD	1.5063	1.5053	1.5073	1.5063
2025-07-11	USD	CHF	0.9062	0.9057	0.9067	0.9062
2025-07-11	USD	SGD	1.3456	1.345	1.3462	1.3456
2025-07-12	USD	EUR	0.9024	0.902	0.9028	0.9024
2025-07-12	USD	GBP	0.7985	0.798	0.799	0.7985
2025-07-12	USD	INR	82.1227	82.0727	82.1727	82.1227
2025-07-12	USD	JPY	148.5011	148.3511	148.6511	148.5011
2025-07-12	USD	CAD	1.3545	1.3537	1.3553	1.3545
2025-07-12	USD	AUD	1.5633	1.5623	1.5643	1.5633
2025-07-12	USD	CHF	0.8732	0.8727	0.8737	0.8732
2025-07-12	USD	SGD	1.3437	1.3431	1.3443	1.3437
2025-07-13	USD	EUR	0.9056	0.9052	0.906	0.9056
2025-07-13	USD	GBP	0.7715	0.771	0.772	0.7715
2025-07-13	USD	INR	83.4059	83.3559	83.4559	83.4059
2025-07-13	USD	JPY	141.9068	141.7568	142.0568	141.9068
2025-07-13	USD	CAD	1.3747	1.3739	1.3755	1.3747
2025-07-13	USD	AUD	1.5217	1.5207	1.5227	1.5217
2025-07-13	USD	CHF	0.87	0.8695	0.8705	0.87
2025-07-13	USD	SGD	1.3545	1.3539	1.3551	1.3545
2025-07-14	USD	EUR	0.9022	0.9018	0.9026	0.9022
2025-07-14	USD	GBP	0.8071	0.8066	0.8076	0.8071
2025-07-14	USD	INR	85.2315	85.1815	85.2815	85.2315
2025-07-14	USD	JPY	147.4767	147.3267	147.6267	147.4767
2025-07-14	USD	CAD	1.3783	1.3775	1.3791	1.3783
2025-07-14	USD	AUD	1.5331	1.5321	1.5341	1.5331
2025-07-14	USD	CHF	0.8725	0.872	0.873	0.8725
2025-07-14	USD	SGD	1.305	1.3044	1.3056	1.305
2025-07-15	USD	EUR	0.9302	0.9298	0.9306	0.9302
2025-07-15	USD	GBP	0.803	0.8025	0.8035	0.803
2025-07-15	USD	INR	85.1337	85.0837	85.1837	85.1337
2025-07-15	USD	JPY	145.8687	145.7187	146.0187	145.8687
2025-07-15	USD	CAD	1.3518	1.351	1.3526	1.3518
2025-07-15	USD	AUD	1.5092	1.5082	1.5102	1.5092
2025-07-15	USD	CHF	0.8652	0.8647	0.8657	0.8652
2025-07-15	USD	SGD	1.3036	1.303	1.3042	1.3036
2025-07-16	USD	EUR	0.9453	0.9449	0.9457	0.9453
2025-07-16	USD	GBP	0.7819	0.7814	0.7824	0.7819
2025-07-16	USD	INR	82.9058	82.8558	82.9558	82.9058
2025-07-16	USD	JPY	143.9333	143.7833	144.0833	143.9333
2025-07-16	USD	CAD	1.329	1.3282	1.3298	1.329
2025-07-16	USD	AUD	1.53	1.529	1.531	1.53
2025-07-16	USD	CHF	0.8536	0.8531	0.8541	0.8536
2025-07-16	USD	SGD	1.3587	1.3581	1.3593	1.3587
2025-07-17	USD	EUR	0.9123	0.9119	0.9127	0.9123
2025-07-17	USD	GBP	0.7694	0.7689	0.7699	0.7694
2025-07-17	USD	INR	85.4895	85.4395	85.5395	85.4895
2025-07-17	USD	JPY	146.1532	146.0032	146.3032	146.1532
2025-07-17	USD	CAD	1.3338	1.333	1.3346	1.3338
2025-07-17	USD	AUD	1.5276	1.5266	1.5286	1.5276
2025-07-17	USD	CHF	0.8537	0.8532	0.8542	0.8537
2025-07-17	USD	SGD	1.3642	1.3636	1.3648	1.3642
2025-07-18	USD	EUR	0.8971	0.8967	0.8975	0.8971
2025-07-18	USD	GBP	0.8034	0.8029	0.8039	0.8034
2025-07-18	USD	INR	82.5019	82.4519	82.5519	82.5019
2025-07-18	USD	JPY	143.7572	143.6072	143.9072	143.7572
2025-07-18	USD	CAD	1.3827	1.3819	1.3835	1.3827
2025-07-18	USD	AUD	1.534	1.533	1.535	1.534
2025-07-18	USD	CHF	0.877	0.8765	0.8775	0.877
2025-07-18	USD	SGD	1.3123	1.3117	1.3129	1.3123
2025-07-19	USD	EUR	0.9343	0.9339	0.9347	0.9343
2025-07-19	USD	GBP	0.7625	0.762	0.763	0.7625
2025-07-19	USD	INR	84.3335	84.2835	84.3835	84.3335
2025-07-19	USD	JPY	146.6988	146.5488	146.8488	146.6988
2025-07-19	USD	CAD	1.3858	1.385	1.3866	1.3858
2025-07-19	USD	AUD	1.5281	1.5271	1.5291	1.5281
2025-07-19	USD	CHF	0.8667	0.8662	0.8672	0.8667
2025-07-19	USD	SGD	1.3197	1.3191	1.3203	1.3197
2025-07-20	USD	EUR	0.9426	0.9422	0.943	0.9426
2025-07-20	USD	GBP	0.7924	0.7919	0.7929	0.7924
2025-07-20	USD	INR	84.9875	84.9375	85.0375	84.9875
2025-07-20	USD	JPY	146.6524	146.5024	146.8024	146.6524
2025-07-20	USD	CAD	1.3745	1.3737	1.3753	1.3745
2025-07-20	USD	AUD	1.4819	1.4809	1.4829	1.4819
2025-07-20	USD	CHF	0.8922	0.8917	0.8927	0.8922
2025-07-20	USD	SGD	1.3417	1.3411	1.3423	1.3417
2025-07-21	USD	EUR	0.9219	0.9215	0.9223	0.9219
2025-07-21	USD	GBP	0.7883	0.7878	0.7888	0.7883
2025-07-21	USD	INR	82.5589	82.5089	82.6089	82.5589
2025-07-21	USD	JPY	148.7044	148.5544	148.8544	148.7044
2025-07-21	USD	CAD	1.3815	1.3807	1.3823	1.3815
2025-07-21	USD	AUD	1.4864	1.4854	1.4874	1.4864
2025-07-21	USD	CHF	0.8601	0.8596	0.8606	0.8601
2025-07-21	USD	SGD	1.306	1.3054	1.3066	1.306
2025-07-22	USD	EUR	0.9204	0.92	0.9208	0.9204
2025-07-22	USD	GBP	0.7988	0.7983	0.7993	0.7988
2025-07-22	USD	INR	83.2201	83.1701	83.2701	83.2201
2025-07-22	USD	JPY	141.8184	141.6684	141.9684	141.8184
2025-07-22	USD	CAD	1.3472	1.3464	1.348	1.3472
2025-07-22	USD	AUD	1.5104	1.5094	1.5114	1.5104
2025-07-22	USD	CHF	0.8961	0.8956	0.8966	0.8961
2025-07-22	USD	SGD	1.3307	1.3301	1.3313	1.3307
2025-07-23	USD	EUR	0.9087	0.9083	0.9091	0.9087
2025-07-23	USD	GBP	0.7728	0.7723	0.7733	0.7728
2025-07-23	USD	INR	84.6375	84.5875	84.6875	84.6375
2025-07-23	USD	JPY	145.7566	145.6066	145.9066	145.7566
2025-07-23	USD	CAD	1.3429	1.3421	1.3437	1.3429
2025-07-23	USD	AUD	1.5185	1.5175	1.5195	1.5185
2025-07-23	USD	CHF	0.8884	0.8879	0.8889	0.8884
2025-07-23	USD	SGD	1.3294	1.3288	1.33	1.3294
2025-07-24	USD	EUR	0.8963	0.8959	0.8967	0.8963
2025-07-24	USD	GBP	0.7966	0.7961	0.7971	0.7966
2025-07-24	USD	INR	82.9477	82.8977	82.9977	82.9477
2025-07-24	USD	JPY	141.2997	141.1497	141.4497	141.2997
2025-07-24	USD	CAD	1.3315	1.3307	1.3323	1.3315
2025-07-24	USD	AUD	1.5152	1.5142	1.5162	1.5152
2025-07-24	USD	CHF	0.8753	0.8748	0.8758	0.8753
2025-07-24	USD	SGD	1.3128	1.3122	1.3134	1.3128
2025-07-25	USD	EUR	0.9274	0.927	0.9278	0.9274
2025-07-25	USD	GBP	0.7706	0.7701	0.7711	0.7706
2025-07-25	USD	INR	83.9699	83.9199	84.0199	83.9699
2025-07-25	USD	JPY	146.7542	146.6042	146.9042	146.7542
2025-07-25	USD	CAD	1.336	1.3352	1.3368	1.336
2025-07-25	USD	AUD	1.5192	1.5182	1.5202	1.5192
2025-07-25	USD	CHF	0.8862	0.8857	0.8867	0.8862
2025-07-25	USD	SGD	1.373	1.3724	1.3736	1.373
2025-07-26	USD	EUR	0.9456	0.9452	0.946	0.9456
2025-07-26	USD	GBP	0.7783	0.7778	0.7788	0.7783
2025-07-26	USD	INR	84.6845	84.6345	84.7345	84.6845
2025-07-26	USD	JPY	142.9263	142.7763	143.0763	142.9263
2025-07-26	USD	CAD	1.3802	1.3794	1.381	1.3802
2025-07-26	USD	AUD	1.5031	1.5021	1.5041	1.5031
2025-07-26	USD	CHF	0.8777	0.8772	0.8782	0.8777
2025-07-26	USD	SGD	1.303	1.3024	1.3036	1.303
2025-07-27	USD	EUR	0.9212	0.9208	0.9216	0.9212
2025-07-27	USD	GBP	0.7983	0.7978	0.7988	0.7983
2025-07-27	USD	INR	83.954	83.904	84.004	83.954
2025-07-27	USD	JPY	145.6919	145.5419	145.8419	145.6919
2025-07-27	USD	CAD	1.3116	1.3108	1.3124	1.3116
2025-07-27	USD	AUD	1.5008	1.4998	1.5018	1.5008
2025-07-27	USD	CHF	0.8953	0.8948	0.8958	0.8953
2025-07-27	USD	SGD	1.3729	1.3723	1.3735	1.3729
2025-07-28	USD	EUR	0.9422	0.9418	0.9426	0.9422
2025-07-28	USD	GBP	0.7713	0.7708	0.7718	0.7713
2025-07-28	USD	INR	82.1676	82.1176	82.2176	82.1676
2025-07-28	USD	JPY	144.5386	144.3886	144.6886	144.5386
2025-07-28	USD	CAD	1.3713	1.3705	1.3721	1.3713
2025-07-28	USD	AUD	1.4958	1.4948	1.4968	1.4958
2025-07-28	USD	CHF	0.8837	0.8832	0.8842	0.8837
2025-07-28	USD	SGD	1.35	1.3494	1.3506	1.35
2025-07-29	USD	EUR	0.9021	0.9017	0.9025	0.9021
2025-07-29	USD	GBP	0.7693	0.7688	0.7698	0.7693
2025-07-29	USD	INR	80.7576	80.7076	80.8076	80.7576
2025-07-29	USD	JPY	148.1494	147.9994	148.2994	148.1494
2025-07-29	USD	CAD	1.3279	1.3271	1.3287	1.3279
2025-07-29	USD	AUD	1.51	1.509	1.511	1.51
2025-07-29	USD	CHF	0.9058	0.9053	0.9063	0.9058
2025-07-29	USD	SGD	1.3556	1.355	1.3562	1.3556
2025-07-30	USD	EUR	0.9472	0.9468	0.9476	0.9472
2025-07-30	USD	GBP	0.8071	0.8066	0.8076	0.8071
2025-07-30	USD	INR	83.9176	83.8676	83.9676	83.9176
2025-07-30	USD	JPY	143.5282	143.3782	143.6782	143.5282
2025-07-30	USD	CAD	1.3105	1.3097	1.3113	1.3105
2025-07-30	USD	AUD	1.483	1.482	1.484	1.483
2025-07-30	USD	CHF	0.8606	0.8601	0.8611	0.8606
2025-07-30	USD	SGD	1.3747	1.3741	1.3753	1.3747
2025-07-31	USD	EUR	0.9191	0.9187	0.9195	0.9191
2025-07-31	USD	GBP	0.7994	0.7989	0.7999	0.7994
2025-07-31	USD	INR	82.6075	82.5575	82.6575	82.6075
2025-07-31	USD	JPY	140.2186	140.0686	140.3686	140.2186
2025-07-31	USD	CAD	1.346	1.3452	1.3468	1.346
2025-07-31	USD	AUD	1.4929	1.4919	1.4939	1.4929
2025-07-31	USD	CHF	0.8956	0.8951	0.8961	0.8956
2025-07-31	USD	SGD	1.3051	1.3045	1.3057	1.3051
2025-08-01	USD	EUR	0.8971	0.8967	0.8975	0.8971
2025-08-01	USD	GBP	0.7654	0.7649	0.7659	0.7654
2025-08-01	USD	INR	82.2384	82.1884	82.2884	82.2384
2025-08-01	USD	JPY	148.1162	147.9662	148.2662	148.1162
2025-08-01	USD	CAD	1.3181	1.3173	1.3189	1.3181
2025-08-01	USD	AUD	1.556	1.555	1.557	1.556
2025-08-01	USD	CHF	0.8674	0.8669	0.8679	0.8674
2025-08-01	USD	SGD	1.3431	1.3425	1.3437	1.3431
2025-08-02	USD	EUR	0.9111	0.9107	0.9115	0.9111
2025-08-02	USD	GBP	0.7874	0.7869	0.7879	0.7874
2025-08-02	USD	INR	83.239	83.189	83.289	83.239
2025-08-02	USD	JPY	143.2452	143.0952	143.3952	143.2452
2025-08-02	USD	CAD	1.321	1.3202	1.3218	1.321
2025-08-02	USD	AUD	1.5248	1.5238	1.5258	1.5248
2025-08-02	USD	CHF	0.8758	0.8753	0.8763	0.8758
2025-08-02	USD	SGD	1.3173	1.3167	1.3179	1.3173
2025-08-03	USD	EUR	0.9162	0.9158	0.9166	0.9162
2025-08-03	USD	GBP	0.8028	0.8023	0.8033	0.8028
2025-08-03	USD	INR	85.2256	85.1756	85.2756	85.2256
2025-08-03	USD	JPY	140.2866	140.1366	140.4366	140.2866
2025-08-03	USD	CAD	1.3405	1.3397	1.3413	1.3405
2025-08-03	USD	AUD	1.4962	1.4952	1.4972	1.4962
2025-08-03	USD	CHF	0.8968	0.8963	0.8973	0.8968
2025-08-03	USD	SGD	1.3498	1.3492	1.3504	1.3498
2025-08-04	USD	EUR	0.908	0.9076	0.9084	0.908
2025-08-04	USD	GBP	0.8082	0.8077	0.8087	0.8082
2025-08-04	USD	INR	82.8814	82.8314	82.9314	82.8814
2025-08-04	USD	JPY	146.1961	146.0461	146.3461	146.1961
2025-08-04	USD	CAD	1.319	1.3182	1.3198	1.319
2025-08-04	USD	AUD	1.5642	1.5632	1.5652	1.5642
2025-08-04	USD	CHF	0.8887	0.8882	0.8892	0.8887
2025-08-04	USD	SGD	1.3674	1.3668	1.368	1.3674
2025-08-05	USD	EUR	0.898	0.8976	0.8984	0.898
2025-08-05	USD	GBP	0.8057	0.8052	0.8062	0.8057
2025-08-05	USD	INR	84.3001	84.2501	84.3501	84.3001
2025-08-05	USD	JPY	146.6504	146.5004	146.8004	146.6504
2025-08-05	USD	CAD	1.3307	1.3299	1.3315	1.3307
2025-08-05	USD	AUD	1.4805	1.4795	1.4815	1.4805
2025-08-05	USD	CHF	0.8549	0.8544	0.8554	0.8549
2025-08-05	USD	SGD	1.3309	1.3303	1.3315	1.3309
2025-08-06	USD	EUR	0.9088	0.9084	0.9092	0.9088
2025-08-06	USD	GBP	0.7659	0.7654	0.7664	0.7659
2025-08-06	USD	INR	83.266	83.216	83.316	83.266
2025-08-06	USD	JPY	144.915	144.765	145.065	144.915
2025-08-06	USD	CAD	1.3137	1.3129	1.3145	1.3137
2025-08-06	USD	AUD	1.4761	1.4751	1.4771	1.4761
2025-08-06	USD	CHF	0.8813	0.8808	0.8818	0.8813
2025-08-06	USD	SGD	1.3701	1.3695	1.3707	1.3701
2025-08-07	USD	EUR	0.9247	0.9243	0.9251	0.9247
2025-08-07	USD	GBP	0.8068	0.8063	0.8073	0.8068
2025-08-07	USD	INR	81.5901	81.5401	81.6401	81.5901
2025-08-07	USD	JPY	145.2038	145.0538	145.3538	145.2038
2025-08-07	USD	CAD	1.3628	1.362	1.3636	1.3628
2025-08-07	USD	AUD	1.4949	1.4939	1.4959	1.4949
2025-08-07	USD	CHF	0.8693	0.8688	0.8698	0.8693
2025-08-07	USD	SGD	1.3145	1.3139	1.3151	1.3145
2025-08-08	USD	EUR	0.931	0.9306	0.9314	0.931
2025-08-08	USD	GBP	0.7786	0.7781	0.7791	0.7786
2025-08-08	USD	INR	85.3576	85.3076	85.4076	85.3576
2025-08-08	USD	JPY	147.5161	147.3661	147.6661	147.5161
2025-08-08	USD	CAD	1.3122	1.3114	1.313	1.3122
2025-08-08	USD	AUD	1.5592	1.5582	1.5602	1.5592
2025-08-08	USD	CHF	0.8543	0.8538	0.8548	0.8543
2025-08-08	USD	SGD	1.3713	1.3707	1.3719	1.3713
2025-08-09	USD	EUR	0.9349	0.9345	0.9353	0.9349
2025-08-09	USD	GBP	0.7739	0.7734	0.7744	0.7739
2025-08-09	USD	INR	84.2961	84.2461	84.3461	84.2961
2025-08-09	USD	JPY	147.3717	147.2217	147.5217	147.3717
2025-08-09	USD	CAD	1.3851	1.3843	1.3859	1.3851
2025-08-09	USD	AUD	1.5106	1.5096	1.5116	1.5106
2025-08-09	USD	CHF	0.9027	0.9022	0.9032	0.9027
2025-08-09	USD	SGD	1.3799	1.3793	1.3805	1.3799
2025-08-10	USD	EUR	0.9197	0.9193	0.9201	0.9197
2025-08-10	USD	GBP	0.7769	0.7764	0.7774	0.7769
2025-08-10	USD	INR	82.8165	82.7665	82.8665	82.8165
2025-08-10	USD	JPY	142.0784	141.9284	142.2284	142.0784
2025-08-10	USD	CAD	1.3497	1.3489	1.3505	1.3497
2025-08-10	USD	AUD	1.5531	1.5521	1.5541	1.5531
2025-08-10	USD	CHF	0.8727	0.8722	0.8732	0.8727
2025-08-10	USD	SGD	1.318	1.3174	1.3186	1.318
2025-08-11	USD	EUR	0.9416	0.9412	0.942	0.9416
2025-08-11	USD	GBP	0.7809	0.7804	0.7814	0.7809
2025-08-11	USD	INR	83.6361	83.5861	83.6861	83.6361
2025-08-11	USD	JPY	140.3621	140.2121	140.5121	140.3621
2025-08-11	USD	CAD	1.3268	1.326	1.3276	1.3268
2025-08-11	USD	AUD	1.4963	1.4953	1.4973	1.4963
2025-08-11	USD	CHF	0.8649	0.8644	0.8654	0.8649
2025-08-11	USD	SGD	1.3029	1.3023	1.3035	1.3029
2025-08-12	USD	EUR	0.9035	0.9031	0.9039	0.9035
2025-08-12	USD	GBP	0.8008	0.8003	0.8013	0.8008
2025-08-12	USD	INR	85.1341	85.0841	85.1841	85.1341
2025-08-12	USD	JPY	142.7559	142.6059	142.9059	142.7559
2025-08-12	USD	CAD	1.3797	1.3789	1.3805	1.3797
2025-08-12	USD	AUD	1.5626	1.5616	1.5636	1.5626
2025-08-12	USD	CHF	0.868	0.8675	0.8685	0.868
2025-08-12	USD	SGD	1.3204	1.3198	1.321	1.3204
2025-08-13	USD	EUR	0.9405	0.9401	0.9409	0.9405
2025-08-13	USD	GBP	0.7819	0.7814	0.7824	0.7819
2025-08-13	USD	INR	81.1647	81.1147	81.2147	81.1647
2025-08-13	USD	JPY	144.654	144.504	144.804	144.654
2025-08-13	USD	CAD	1.3481	1.3473	1.3489	1.3481
2025-08-13	USD	AUD	1.5318	1.5308	1.5328	1.5318
2025-08-13	USD	CHF	0.8799	0.8794	0.8804	0.8799
2025-08-13	USD	SGD	1.3146	1.314	1.3152	1.3146
2025-08-14	USD	EUR	0.8972	0.8968	0.8976	0.8972
2025-08-14	USD	GBP	0.769	0.7685	0.7695	0.769
2025-08-14	USD	INR	83.2168	83.1668	83.2668	83.2168
2025-08-14	USD	JPY	144.6123	144.4623	144.7623	144.6123
2025-08-14	USD	CAD	1.3157	1.3149	1.3165	1.3157
2025-08-14	USD	AUD	1.5163	1.5153	1.5173	1.5163
2025-08-14	USD	CHF	0.8724	0.8719	0.8729	0.8724
2025-08-14	USD	SGD	1.3453	1.3447	1.3459	1.3453
2025-08-15	USD	EUR	0.9194	0.919	0.9198	0.9194
2025-08-15	USD	GBP	0.7794	0.7789	0.7799	0.7794
2025-08-15	USD	INR	85.4024	85.3524	85.4524	85.4024
2025-08-15	USD	JPY	146.4707	146.3207	146.6207	146.4707
2025-08-15	USD	CAD	1.3896	1.3888	1.3904	1.3896
2025-08-15	USD	AUD	1.5163	1.5153	1.5173	1.5163
2025-08-15	USD	CHF	0.8655	0.865	0.866	0.8655
2025-08-15	USD	SGD	1.352	1.3514	1.3526	1.352
2025-08-16	USD	EUR	0.8969	0.8965	0.8973	0.8969
2025-08-16	USD	GBP	0.7914	0.7909	0.7919	0.7914
2025-08-16	USD	INR	84.4656	84.4156	84.5156	84.4656
2025-08-16	USD	JPY	148.0142	147.8642	148.1642	148.0142
2025-08-16	USD	CAD	1.3339	1.3331	1.3347	1.3339
2025-08-16	USD	AUD	1.5288	1.5278	1.5298	1.5288
2025-08-16	USD	CHF	0.8869	0.8864	0.8874	0.8869
2025-08-16	USD	SGD	1.3465	1.3459	1.3471	1.3465
2025-08-17	USD	EUR	0.905	0.9046	0.9054	0.905
2025-08-17	USD	GBP	0.7841	0.7836	0.7846	0.7841
2025-08-17	USD	INR	80.6697	80.6197	80.7197	80.6697
2025-08-17	USD	JPY	144.8111	144.6611	144.9611	144.8111
2025-08-17	USD	CAD	1.3512	1.3504	1.352	1.3512
2025-08-17	USD	AUD	1.5626	1.5616	1.5636	1.5626
2025-08-17	USD	CHF	0.8921	0.8916	0.8926	0.8921
2025-08-17	USD	SGD	1.3773	1.3767	1.3779	1.3773
2025-08-18	USD	EUR	0.9282	0.9278	0.9286	0.9282
2025-08-18	USD	GBP	0.7756	0.7751	0.7761	0.7756
2025-08-18	USD	INR	84.8559	84.8059	84.9059	84.8559
2025-08-18	USD	JPY	140.586	140.436	140.736	140.586
2025-08-18	USD	CAD	1.312	1.3112	1.3128	1.312
2025-08-18	USD	AUD	1.5229	1.5219	1.5239	1.5229
2025-08-18	USD	CHF	0.8921	0.8916	0.8926	0.8921
2025-08-18	USD	SGD	1.303	1.3024	1.3036	1.303
2025-08-19	USD	EUR	0.9471	0.9467	0.9475	0.9471
2025-08-19	USD	GBP	0.7684	0.7679	0.7689	0.7684
2025-08-19	USD	INR	85.2519	85.2019	85.3019	85.2519
2025-08-19	USD	JPY	147.6248	147.4748	147.7748	147.6248
2025-08-19	USD	CAD	1.3355	1.3347	1.3363	1.3355
2025-08-19	USD	AUD	1.5091	1.5081	1.5101	1.5091
2025-08-19	USD	CHF	0.8846	0.8841	0.8851	0.8846
2025-08-19	USD	SGD	1.3709	1.3703	1.3715	1.3709
2025-08-20	USD	EUR	0.9397	0.9393	0.9401	0.9397
2025-08-20	USD	GBP	0.7644	0.7639	0.7649	0.7644
2025-08-20	USD	INR	81.2509	81.2009	81.3009	81.2509
2025-08-20	USD	JPY	142.7587	142.6087	142.9087	142.7587
2025-08-20	USD	CAD	1.3501	1.3493	1.3509	1.3501
2025-08-20	USD	AUD	1.5235	1.5225	1.5245	1.5235
2025-08-20	USD	CHF	0.8667	0.8662	0.8672	0.8667
2025-08-20	USD	SGD	1.3252	1.3246	1.3258	1.3252
2025-08-21	USD	EUR	0.924	0.9236	0.9244	0.924
2025-08-21	USD	GBP	0.7706	0.7701	0.7711	0.7706
2025-08-21	USD	INR	85.534	85.484	85.584	85.534
2025-08-21	USD	JPY	141.8955	141.7455	142.0455	141.8955
2025-08-21	USD	CAD	1.3739	1.3731	1.3747	1.3739
2025-08-21	USD	AUD	1.5528	1.5518	1.5538	1.5528
2025-08-21	USD	CHF	0.8765	0.876	0.877	0.8765
2025-08-21	USD	SGD	1.3623	1.3617	1.3629	1.3623
2025-08-22	USD	EUR	0.9247	0.9243	0.9251	0.9247
2025-08-22	USD	GBP	0.7849	0.7844	0.7854	0.7849
2025-08-22	USD	INR	83.8899	83.8399	83.9399	83.8899
2025-08-22	USD	JPY	141.7743	141.6243	141.9243	141.7743
2025-08-22	USD	CAD	1.3308	1.33	1.3316	1.3308
2025-08-22	USD	AUD	1.5289	1.5279	1.5299	1.5289
2025-08-22	USD	CHF	0.8564	0.8559	0.8569	0.8564
2025-08-22	USD	SGD	1.3614	1.3608	1.362	1.3614
2025-08-23	USD	EUR	0.9262	0.9258	0.9266	0.9262
2025-08-23	USD	GBP	0.7617	0.7612	0.7622	0.7617
2025-08-23	USD	INR	82.1792	82.1292	82.2292	82.1792
2025-08-23	USD	JPY	142.0512	141.9012	142.2012	142.0512
2025-08-23	USD	CAD	1.3579	1.3571	1.3587	1.3579
2025-08-23	USD	AUD	1.5142	1.5132	1.5152	1.5142
2025-08-23	USD	CHF	0.8624	0.8619	0.8629	0.8624
2025-08-23	USD	SGD	1.3506	1.35	1.3512	1.3506
2025-08-24	USD	EUR	0.9255	0.9251	0.9259	0.9255
2025-08-24	USD	GBP	0.7732	0.7727	0.7737	0.7732
2025-08-24	USD	INR	83.5537	83.5037	83.6037	83.5537
2025-08-24	USD	JPY	144.9534	144.8034	145.1034	144.9534
2025-08-24	USD	CAD	1.3661	1.3653	1.3669	1.3661
2025-08-24	USD	AUD	1.5241	1.5231	1.5251	1.5241
2025-08-24	USD	CHF	0.9038	0.9033	0.9043	0.9038
2025-08-24	USD	SGD	1.3762	1.3756	1.3768	1.3762
2025-08-25	USD	EUR	0.8933	0.8929	0.8937	0.8933
2025-08-25	USD	GBP	0.8075	0.807	0.808	0.8075
2025-08-25	USD	INR	84.8005	84.7505	84.8505	84.8005
2025-08-25	USD	JPY	146.4663	146.3163	146.6163	146.4663
2025-08-25	USD	CAD	1.3252	1.3244	1.326	1.3252
2025-08-25	USD	AUD	1.5575	1.5565	1.5585	1.5575
2025-08-25	USD	CHF	0.8643	0.8638	0.8648	0.8643
2025-08-25	USD	SGD	1.3455	1.3449	1.3461	1.3455
2025-08-26	USD	EUR	0.9126	0.9122	0.913	0.9126
2025-08-26	USD	GBP	0.8083	0.8078	0.8088	0.8083
2025-08-26	USD	INR	83.322	83.272	83.372	83.322
2025-08-26	USD	JPY	143.8265	143.6765	143.9765	143.8265
2025-08-26	USD	CAD	1.3208	1.32	1.3216	1.3208
2025-08-26	USD	AUD	1.5157	1.5147	1.5167	1.5157
2025-08-26	USD	CHF	0.9061	0.9056	0.9066	0.9061
2025-08-26	USD	SGD	1.3314	1.3308	1.332	1.3314
2025-08-27	USD	EUR	0.9236	0.9232	0.924	0.9236
2025-08-27	USD	GBP	0.7738	0.7733	0.7743	0.7738
2025-08-27	USD	INR	82.1854	82.1354	82.2354	82.1854
2025-08-27	USD	JPY	148.3316	148.1816	148.4816	148.3316
2025-08-27	USD	CAD	1.3155	1.3147	1.3163	1.3155
2025-08-27	USD	AUD	1.5374	1.5364	1.5384	1.5374
2025-08-27	USD	CHF	0.9008	0.9003	0.9013	0.9008
2025-08-27	USD	SGD	1.3056	1.305	1.3062	1.3056
2025-08-28	USD	EUR	0.9078	0.9074	0.9082	0.9078
2025-08-28	USD	GBP	0.7833	0.7828	0.7838	0.7833
2025-08-28	USD	INR	85.1066	85.0566	85.1566	85.1066
2025-08-28	USD	JPY	142.3457	142.1957	142.4957	142.3457
2025-08-28	USD	CAD	1.3678	1.367	1.3686	1.3678
2025-08-28	USD	AUD	1.55	1.549	1.551	1.55
2025-08-28	USD	CHF	0.8677	0.8672	0.8682	0.8677
2025-08-28	USD	SGD	1.3518	1.3512	1.3524	1.3518
2025-08-29	USD	EUR	0.8927	0.8923	0.8931	0.8927
2025-08-29	USD	GBP	0.7701	0.7696	0.7706	0.7701
2025-08-29	USD	INR	82.3262	82.2762	82.3762	82.3262
2025-08-29	USD	JPY	144.4873	144.3373	144.6373	144.4873
2025-08-29	USD	CAD	1.3532	1.3524	1.354	1.3532
2025-08-29	USD	AUD	1.5394	1.5384	1.5404	1.5394
2025-08-29	USD	CHF	0.8781	0.8776	0.8786	0.8781
2025-08-29	USD	SGD	1.3383	1.3377	1.3389	1.3383
2025-08-30	USD	EUR	0.896	0.8956	0.8964	0.896
2025-08-30	USD	GBP	0.7623	0.7618	0.7628	0.7623
2025-08-30	USD	INR	85.2035	85.1535	85.2535	85.2035
2025-08-30	USD	JPY	141.2732	141.1232	141.4232	141.2732
2025-08-30	USD	CAD	1.3612	1.3604	1.362	1.3612
2025-08-30	USD	AUD	1.5309	1.5299	1.5319	1.5309
2025-08-30	USD	CHF	0.9034	0.9029	0.9039	0.9034
2025-08-30	USD	SGD	1.3339	1.3333	1.3345	1.3339
2025-08-31	USD	EUR	0.9155	0.9151	0.9159	0.9155
2025-08-31	USD	GBP	0.7791	0.7786	0.7796	0.7791
2025-08-31	USD	INR	83.1616	83.1116	83.2116	83.1616
2025-08-31	USD	JPY	140.797	140.647	140.947	140.797
2025-08-31	USD	CAD	1.3182	1.3174	1.319	1.3182
2025-08-31	USD	AUD	1.5352	1.5342	1.5362	1.5352
2025-08-31	USD	CHF	0.8701	0.8696	0.8706	0.8701
2025-08-31	USD	SGD	1.3308	1.3302	1.3314	1.3308
2025-09-01	USD	EUR	0.927	0.9266	0.9274	0.927
2025-09-01	USD	GBP	0.788	0.7875	0.7885	0.788
2025-09-01	USD	INR	85.2018	85.1518	85.2518	85.2018
2025-09-01	USD	JPY	146.5444	146.3944	146.6944	146.5444
2025-09-01	USD	CAD	1.3777	1.3769	1.3785	1.3777
2025-09-01	USD	AUD	1.5395	1.5385	1.5405	1.5395
2025-09-01	USD	CHF	0.8873	0.8868	0.8878	0.8873
2025-09-01	USD	SGD	1.32	1.3194	1.3206	1.32
2025-09-02	USD	EUR	0.9449	0.9445	0.9453	0.9449
2025-09-02	USD	GBP	0.7703	0.7698	0.7708	0.7703
2025-09-02	USD	INR	83.2689	83.2189	83.3189	83.2689
2025-09-02	USD	JPY	145.074	144.924	145.224	145.074
2025-09-02	USD	CAD	1.3613	1.3605	1.3621	1.3613
2025-09-02	USD	AUD	1.5349	1.5339	1.5359	1.5349
2025-09-02	USD	CHF	0.8759	0.8754	0.8764	0.8759
2025-09-02	USD	SGD	1.3386	1.338	1.3392	1.3386
2025-09-03	USD	EUR	0.9384	0.938	0.9388	0.9384
2025-09-03	USD	GBP	0.7897	0.7892	0.7902	0.7897
2025-09-03	USD	INR	80.8115	80.7615	80.8615	80.8115
2025-09-03	USD	JPY	147.3892	147.2392	147.5392	147.3892
2025-09-03	USD	CAD	1.3618	1.361	1.3626	1.3618
2025-09-03	USD	AUD	1.5621	1.5611	1.5631	1.5621
2025-09-03	USD	CHF	0.8966	0.8961	0.8971	0.8966
2025-09-03	USD	SGD	1.3139	1.3133	1.3145	1.3139
2025-09-04	USD	EUR	0.8926	0.8922	0.893	0.8926
2025-09-04	USD	GBP	0.7789	0.7784	0.7794	0.7789
2025-09-04	USD	INR	81.5894	81.5394	81.6394	81.5894
2025-09-04	USD	JPY	145.6435	145.4935	145.7935	145.6435
2025-09-04	USD	CAD	1.3471	1.3463	1.3479	1.3471
2025-09-04	USD	AUD	1.5376	1.5366	1.5386	1.5376
2025-09-04	USD	CHF	0.9061	0.9056	0.9066	0.9061
2025-09-04	USD	SGD	1.347	1.3464	1.3476	1.347
2025-09-05	USD	EUR	0.9272	0.9268	0.9276	0.9272
2025-09-05	USD	GBP	0.8042	0.8037	0.8047	0.8042
2025-09-05	USD	INR	80.9215	80.8715	80.9715	80.9215
2025-09-05	USD	JPY	145.1987	145.0487	145.3487	145.1987
2025-09-05	USD	CAD	1.336	1.3352	1.3368	1.336
2025-09-05	USD	AUD	1.4786	1.4776	1.4796	1.4786
2025-09-05	USD	CHF	0.8857	0.8852	0.8862	0.8857
2025-09-05	USD	SGD	1.3474	1.3468	1.348	1.3474
2025-09-06	USD	EUR	0.9356	0.9352	0.936	0.9356
2025-09-06	USD	GBP	0.7981	0.7976	0.7986	0.7981
2025-09-06	USD	INR	80.9269	80.8769	80.9769	80.9269
2025-09-06	USD	JPY	146.492	146.342	146.642	146.492
2025-09-06	USD	CAD	1.3777	1.3769	1.3785	1.3777
2025-09-06	USD	AUD	1.5588	1.5578	1.5598	1.5588
2025-09-06	USD	CHF	0.8967	0.8962	0.8972	0.8967
2025-09-06	USD	SGD	1.344	1.3434	1.3446	1.344
2025-09-07	USD	EUR	0.9004	0.9	0.9008	0.9004
2025-09-07	USD	GBP	0.7906	0.7901	0.7911	0.7906
2025-09-07	USD	INR	80.7197	80.6697	80.7697	80.7197
2025-09-07	USD	JPY	143.9011	143.7511	144.0511	143.9011
2025-09-07	USD	CAD	1.3419	1.3411	1.3427	1.3419
2025-09-07	USD	AUD	1.5328	1.5318	1.5338	1.5328
2025-09-07	USD	CHF	0.8686	0.8681	0.8691	0.8686
2025-09-07	USD	SGD	1.3782	1.3776	1.3788	1.3782
