asset_ticker,AAPL,MSFT,GOOGL,AMZN,NVDA,META,TSLA,JPM,V,MA,BAC,WMT,PG,DIS,NFLX,HD,PYPL,ADBE,CRM,INTC,CSCO,CMCSA,PEP,KO,ABT,TMO,AVGO,COST,NKE,MRK,XOM,CVX,MCD,QCOM,TXN,HON,UPS,UNH,BMY,SBUX,AMD,GS,MS,BLK,SCHW,AXP,C,SQ,COIN,HOOD
AAPL,0.00032582,0.00006853,0.00005961,0.00008069,0.00006090,0.00003972,0.00004302,0.00005937,0.00006286,0.00003195,0.00011389,0.00009398,0.00001520,0.00009039,0.00006231,0.00003305,0.00005317,0.00001096,0.00005534,0.00001615,0.00007862,0.00008142,0.00004029,0.00005094,0.00007444,0.00009234,0.00004209,0.00002506,0.00007121,0.00006124,0.00006376,0.00006126,0.00002796,0.00010942,0.00008728,0.00006288,0.00003199,0.00004505,0.00007114,0.00010381,0.00005715,0.00005505,0.00007194,0.00007817,0.00008490,0.00006265,0.00002708,0.00004795,0.00005397,0.00006015
MSFT,0.00006853,0.00035961,0.00006904,0.00007768,0.00003179,0.00005459,0.00005614,0.00007603,0.00008145,0.00004554,0.00007958,0.00001838,0.00003780,0.00007203,0.00005326,0.00000625,0.00003153,0.00000590,0.00002770,0.00006393,0.00007192,0.00005393,0.00005159,0.00005451,0.00005632,0.00001300,0.00005401,0.00007535,0.00007752,0.00007265,0.00003075,0.00009662,0.00002289,0.00007050,0.00005480,0.00004148,0.00004929,0.00004103,0.00005977,0.00007686,0.00005188,0.00001802,0.00006830,0.00006325,0.00003877,0.00004037,0.00002564,0.00002264,0.00003067,0.00004540
GOOGL,0.00005961,0.00006904,0.00037691,0.00005202,0.00003204,0.00006970,0.00005616,0.00006433,0.00008314,0.00002036,0.00004347,0.00005278,0.00002856,0.00004916,0.00003204,0.00007948,0.00002852,0.00001777,0.00003950,0.00005394,0.00007525,0.00004610,0.00005371,0.00005047,0.00003743,0.00005958,0.00006061,0.00006561,0.00004567,0.00006358,0.00005111,0.00010145,0.00006747,0.00002577,0.00009085,0.00006470,0.00005499,0.00005990,0.00005272,0.00008771,0.00006514,0.00003602,0.00009550,0.00002176,0.00008593,0.00010638,0.00004242,0.00008624,0.00000139,0.00006487
AMZN,0.00008069,0.00007768,0.00005202,0.00041701,0.00007876,0.00007824,0.00006123,0.00005608,0.00008013,0.00004556,0.00010518,0.00008464,0.00010340,0.00010604,0.00007844,0.00010532,0.00005355,0.00005525,0.00005499,0.00005428,0.00010013,0.00009601,0.00006297,0.00002774,0.00005781,0.00003799,0.00011476,0.00006815,0.00010264,0.00005024,0.00002974,0.00006110,0.00004285,0.00008201,0.00010827,0.00009878,0.00009637,0.00002923,0.00010015,0.00006848,0.00008549,0.00005884,0.00009498,0.00006085,0.00004413,0.00008717,0.00004503,0.00004093,0.00007519,0.00006978
NVDA,0.00006090,0.00003179,0.00003204,0.00007876,0.00035845,0.00005408,0.00005806,0.00007543,0.00006474,0.00004970,0.00010624,0.00005722,0.00004940,0.00005034,0.00008844,0.00009139,0.00003543,0.00005059,0.00000612,0.00004847,0.00008229,0.00011690,0.00006636,0.00000547,0.00003619,0.00003872,0.00004113,0.00003627,0.00007912,0.00007106,0.00007671,0.00009442,0.00003269,0.00007739,0.00006759,0.00004562,0.00007641,0.00005071,0.00008025,0.00002143,0.00003162,0.00002864,0.00011490,0.00004609,0.00004602,0.00006567,0.00005328,0.00006450,0.00002235,0.00010806
META,0.00003972,0.00005459,0.00006970,0.00007824,0.00005408,0.00040147,0.00002117,0.00005123,0.00008283,0.00003544,0.00007628,0.00008517,0.00005430,0.00008249,0.00000814,0.00006107,0.00005398,0.00001271,0.00004467,0.00004879,0.00007712,0.00004940,0.00006312,0.00001733,0.00006341,0.00007007,0.00006859,0.00003928,0.00008510,0.00004330,0.00010304,0.00007237,0.00008817,0.00006266,0.00007432,0.00006059,0.00007182,0.00007384,0.00004968,0.00007692,0.00008040,0.00007102,0.00006679,0.00007307,0.00004677,0.00007384,0.00010225,0.00006868,0.00006711,0.00004279
TSLA,0.00004302,0.00005614,0.00005616,0.00006123,0.00005806,0.00002117,0.00035658,0.00000919,0.00005170,0.00001974,0.00005887,0.00004144,0.00005756,0.00004065,0.00007202,0.00005145,0.00005356,0.00002675,0.00002952,0.00005809,0.00007092,0.00007919,0.00007978,0.00004214,0.00002994,0.00001615,0.00002811,0.00004606,0.00006514,0.00009354,0.00006978,0.00006727,0.00003227,0.00004570,0.00003919,0.00007721,0.00001980,0.00005127,0.00007982,0.00008158,0.00005106,0.00008206,0.00009259,0.00004853,0.00003367,0.00005313,0.00001025,0.00004218,0.00002640,0.00005924
JPM,0.00005937,0.00007603,0.00006433,0.00005608,0.00007543,0.00005123,0.00000919,0.00035017,0.00007533,0.00006171,0.00005578,0.00001821,0.00007499,0.00007857,0.00005563,0.00005022,0.00001562,0.00001999,0.00002878,0.00007566,0.00009459,0.00009993,0.00003981,0.00003824,0.00005800,0.00005727,0.00003087,0.00004872,0.00004914,0.00004025,0.00005697,0.00010039,0.00004439,0.00002117,0.00006888,0.00007909,0.00005125,0.00005995,0.00002809,0.00007543,0.00006322,0.00002764,0.00007156,0.00006722,0.00003604,0.00002274,0.00002271,0.00005207,0.00006012,0.00005470
V,0.00006286,0.00008145,0.00008314,0.00008013,0.00006474,0.00008283,0.00005170,0.00007533,0.00042906,0.00011758,0.00011909,0.00006935,0.00010042,0.00008723,0.00007361,0.00005876,0.00007980,0.00005714,0.00005368,0.00006051,0.00015300,0.00013529,0.00008964,0.00008823,0.00003216,0.00010479,0.00005400,0.00007128,0.00011147,0.00007020,0.00013041,0.00004682,0.00005969,0.00010108,0.00010457,0.00010343,0.00008173,0.00007203,0.00009644,0.00012783,0.00010442,0.00005504,0.00009130,0.00005801,0.00010441,0.00004589,0.00005057,0.00005383,0.00000128,0.00007911
MA,0.00003195,0.00004554,0.00002036,0.00004556,0.00004970,0.00003544,0.00001974,0.00006171,0.00011758,0.00033655,0.00006819,0.00002253,0.00005793,0.00007691,0.00004157,0.00003030,0.00005144,0.00000328,0.00003727,0.00003649,0.00008245,0.00008186,0.00007518,0.00006518,0.00002894,0.00000420,0.00000980,0.00003264,0.00007722,0.00005507,0.00004862,0.00009295,0.00006317,0.00006293,0.00003575,0.00004444,0.00003513,0.00007421,0.00003817,0.00003127,0.00004532,0.00003321,0.00005235,0.00005186,0.00004597,0.00002250,0.00005427,0.00009638,0.00005494,0.00005693
BAC,0.00011389,0.00007958,0.00004347,0.00010518,0.00010624,0.00007628,0.00005887,0.00005578,0.00011909,0.00006819,0.00043528,0.00008258,0.00006303,0.00011790,0.00007506,0.00004305,0.00007597,0.00004859,0.00006457,0.00004270,0.00012305,0.00016059,0.00005507,0.00008894,0.00002014,0.00004527,0.00007380,0.00002531,0.00013142,0.00009794,0.00006681,0.00005874,0.00006566,0.00009253,0.00010709,0.00007106,0.00005646,0.00009602,0.00006948,0.00008363,0.00005972,0.00003417,0.00009411,0.00008537,0.00010106,0.00008633,0.00006474,0.00009553,0.00009610,0.00010280
WMT,0.00009398,0.00001838,0.00005278,0.00008464,0.00005722,0.00008517,0.00004144,0.00001821,0.00006935,0.00002253,0.00008258,0.00038207,0.00000650,0.00004880,0.00004252,0.00005457,0.00004094,0.00004380,0.00002627,0.00004139,0.00005735,0.00004810,0.00003119,0.00003745,0.00004280,0.00004851,0.00003862,0.00005899,0.00008618,0.00008598,0.00004522,0.00003555,0.00003206,0.00005793,0.00005622,0.00005909,0.00003629,0.00000731,0.00007319,0.00008620,0.00003682,0.00002606,0.00006245,0.00009536,0.00007029,0.00004505,0.00008056,0.00005953,0.00006144,0.00008242
PG,0.00001520,0.00003780,0.00002856,0.00010340,0.00004940,0.00005430,0.00005756,0.00007499,0.00010042,0.00005793,0.00006303,0.00000650,0.00032874,0.00004477,0.00006559,0.00005265,0.00005146,0.00004016,0.00003426,0.00004872,0.00010314,0.00007597,0.00004689,0.00004010,0.00006467,0.00003884,0.00004289,0.00003278,0.00005664,0.00004323,0.00005123,0.00006555,0.00003610,0.00004185,0.00006609,0.00008720,0.00004447,0.00007477,0.00005486,0.00008023,0.00007633,0.00002698,0.00004699,0.00001628,0.00003166,0.00003086,0.00003441,0.00001959,0.00004767,0.00003491
DIS,0.00009039,0.00007203,0.00004916,0.00010604,0.00005034,0.00008249,0.00004065,0.00007857,0.00008723,0.00007691,0.00011790,0.00004880,0.00004477,0.00038255,0.00008090,0.00005115,0.00005345,0.00004668,0.00001520,0.00006048,0.00012171,0.00006367,0.00009330,0.00004643,0.00004482,0.00001749,0.00003993,0.00004943,0.00010963,0.00005942,0.00007404,0.00006161,0.00004714,0.00009076,0.00005565,0.00004817,0.00007629,0.00006686,0.00004161,0.00005421,0.00004877,0.00003088,0.00006152,0.00010168,0.00003298,0.00004802,0.00006789,0.00009810,0.00006122,0.00008374
NFLX,0.00006231,0.00005326,0.00003204,0.00007844,0.00008844,0.00000814,0.00007202,0.00005563,0.00007361,0.00004157,0.00007506,0.00004252,0.00006559,0.00008090,0.00040725,0.00009964,0.00008308,0.00000307,0.00004657,0.00002263,0.00007174,0.00006612,0.00009204,0.00003660,0.00006077,0.00003926,0.00007309,0.00003614,0.00003948,0.00004808,0.00003811,0.00006873,0.00000290,0.00004401,0.00005282,0.00005922,0.00005811,0.00005832,0.00008648,0.00003210,0.00006162,0.00003186,0.00006416,0.00005266,0.00003612,0.00007500,0.00003476,0.00005754,0.00005207,0.00005762
HD,0.00003305,0.00000625,0.00007948,0.00010532,0.00009139,0.00006107,0.00005145,0.00005022,0.00005876,0.00003030,0.00004305,0.00005457,0.00005265,0.00005115,0.00009964,0.00033861,0.00004393,0.00000711,0.00005703,0.00006700,0.00004028,0.00001544,0.00008014,0.00003691,0.00006081,0.00005960,0.00006031,0.00004774,0.00004686,0.00006107,0.00004833,0.00006347,0.00003873,0.00006597,0.00005073,0.00004029,0.00004384,0.00005505,0.00005680,0.00005316,0.00007076,0.00004354,0.00005954,0.00004603,0.00005063,0.00008090,0.00002552,0.00004338,0.00006838,0.00005257
PYPL,0.00005317,0.00003153,0.00002852,0.00005355,0.00003543,0.00005398,0.00005356,0.00001562,0.00007980,0.00005144,0.00007597,0.00004094,0.00005146,0.00005345,0.00008308,0.00004393,0.00036966,0.00004677,0.00004103,0.00000873,0.00005874,0.00005027,0.00004817,0.00003279,0.00002537,0.00003578,0.00000746,0.00004816,0.00008358,-0.00001203,0.00005073,0.00008468,0.00001683,0.00005245,0.00007617,0.00005484,0.00002396,0.00004316,0.00006122,0.00007058,0.00003056,0.00004261,0.00005678,0.00005900,0.00004894,0.00002744,0.00005731,0.00006717,0.00002615,0.00004048
ADBE,0.00001096,0.00000590,0.00001777,0.00005525,0.00005059,0.00001271,0.00002675,0.00001999,0.00005714,0.00000328,0.00004859,0.00004380,0.00004016,0.00004668,0.00000307,0.00000711,0.00004677,0.00034367,0.00000075,0.00003482,0.00002155,0.00004830,0.00003273,-0.00003438,0.00004173,0.00002908,0.00004935,0.00001971,0.00005274,0.00002407,0.00005393,0.00003558,0.00002751,0.00004527,0.00009193,0.00003261,0.00004205,0.00002915,0.00002165,0.00004738,0.00004460,0.00003074,0.00005650,0.00001823,0.00002030,0.00001791,0.00004423,0.00005253,0.00003574,0.00004544
CRM,0.00005534,0.00002770,0.00003950,0.00005499,0.00000612,0.00004467,0.00002952,0.00002878,0.00005368,0.00003727,0.00006457,0.00002627,0.00003426,0.00001520,0.00004657,0.00005703,0.00004103,0.00000075,0.00033859,0.00001396,0.00005408,0.00006585,0.00005137,0.00006496,0.00002895,0.00003979,0.00005596,0.00004705,0.00004155,0.00003528,0.00004190,0.00005463,0.00004388,0.00008566,0.00003047,0.00003450,0.00000707,0.00004835,0.00003053,0.00009149,0.00009778,-0.00000247,0.00007020,0.00006112,0.00005987,0.00004898,0.00002138,0.00006676,0.00008424,0.00008230
INTC,0.00001615,0.00006393,0.00005394,0.00005428,0.00004847,0.00004879,0.00005809,0.00007566,0.00006051,0.00003649,0.00004270,0.00004139,0.00004872,0.00006048,0.00002263,0.00006700,0.00000873,0.00003482,0.00001396,0.00039444,0.00007675,0.00007980,0.00003856,0.00004223,0.00006594,0.00003674,0.00006638,0.00005260,0.00007502,0.00003776,0.00005913,0.00005375,0.00006003,0.00005540,0.00007475,0.00007399,0.00007853,0.00007855,0.00004077,0.00004009,0.00003839,0.00003408,0.00010596,0.00007226,0.00002907,0.00005909,0.00006991,0.00004802,0.00002149,0.00007115
CSCO,0.00007862,0.00007192,0.00007525,0.00010013,0.00008229,0.00007712,0.00007092,0.00009459,0.00015300,0.00008245,0.00012305,0.00005735,0.00010314,0.00012171,0.00007174,0.00004028,0.00005874,0.00002155,0.00005408,0.00007675,0.00038162,0.00012235,0.00006795,0.00005771,0.00005637,0.00004480,0.00006761,0.00005550,0.00008514,0.00007239,0.00004604,0.00012347,0.00005645,0.00014238,0.00011023,0.00009617,0.00006547,0.00009620,0.00007227,0.00008523,0.00009326,0.00004558,0.00009741,0.00008725,0.00011625,0.00008519,0.00004778,0.00009987,0.00005234,0.00010355
CMCSA,0.00008142,0.00005393,0.00004610,0.00009601,0.00011690,0.00004940,0.00007919,0.00009993,0.00013529,0.00008186,0.00016059,0.00004810,0.00007597,0.00006367,0.00006612,0.00001544,0.00005027,0.00004830,0.00006585,0.00007980,0.00012235,0.00040393,0.00005555,0.00000725,0.00004203,0.00003970,0.00006331,0.00002874,0.00012807,0.00007216,0.00007909,0.00007770,0.00006731,0.00006701,0.00008377,0.00009212,0.00006146,0.00011636,0.00008493,0.00008451,0.00008513,0.00007071,0.00011141,0.00004346,0.00006715,0.00006536,0.00007357,0.00007691,0.00003493,0.00010308
PEP,0.00004029,0.00005159,0.00005371,0.00006297,0.00006636,0.00006312,0.00007978,0.00003981,0.00008964,0.00007518,0.00005507,0.00003119,0.00004689,0.00009330,0.00009204,0.00008014,0.00004817,0.00003273,0.00005137,0.00003856,0.00006795,0.00005555,0.00035068,0.00005936,0.00004595,0.00008405,0.00004057,0.00007427,0.00008453,0.00006148,0.00007780,0.00006754,0.00004344,0.00006763,0.00007732,0.00006078,0.00004317,0.00009184,0.00007426,0.00007331,0.00004783,0.00002239,0.00008268,0.00008503,0.00008815,0.00005697,0.00005966,0.00008170,0.00005433,0.00006798
KO,0.00005094,0.00005451,0.00005047,0.00002774,0.00000547,0.00001733,0.00004214,0.00003824,0.00008823,0.00006518,0.00008894,0.00003745,0.00004010,0.00004643,0.00003660,0.00003691,0.00003279,-0.00003438,0.00006496,0.00004223,0.00005771,0.00000725,0.00005936,0.00038770,0.00005863,0.00003162,-0.00001409,0.00002349,0.00006371,0.00005282,0.00006361,0.00004717,0.00006174,0.00005623,0.00004489,0.00005759,0.00000192,0.00002447,0.00004139,0.00006504,0.00004207,0.00006739,0.00008024,0.00004424,0.00005380,0.00005134,0.00001949,0.00003609,0.00005473,0.00005250
ABT,0.00007444,0.00005632,0.00003743,0.00005781,0.00003619,0.00006341,0.00002994,0.00005800,0.00003216,0.00002894,0.00002014,0.00004280,0.00006467,0.00004482,0.00006077,0.00006081,0.00002537,0.00004173,0.00002895,0.00006594,0.00005637,0.00004203,0.00004595,0.00005863,0.00033763,0.00003301,0.00007138,0.00002648,0.00004073,0.00003701,0.00002093,0.00004973,0.00002809,0.00003454,0.00003460,0.00004083,0.00002531,0.00003758,0.00004234,0.00008775,0.00003758,0.00007207,0.00008145,0.00005474,0.00002331,0.00002998,0.00003710,0.00005494,0.00002913,0.00003618
TMO,0.00009234,0.00001300,0.00005958,0.00003799,0.00003872,0.00007007,0.00001615,0.00005727,0.00010479,0.00000420,0.00004527,0.00004851,0.00003884,0.00001749,0.00003926,0.00005960,0.00003578,0.00002908,0.00003979,0.00003674,0.00004480,0.00003970,0.00008405,0.00003162,0.00003301,0.00044945,0.00002064,0.00000844,0.00004087,0.00006128,0.00003737,0.00005030,0.00003444,0.00005485,0.00006030,0.00001810,0.00005076,0.00005987,0.00010201,0.00007610,0.00005880,0.00000140,0.00002719,0.00005613,0.00006857,0.00002078,0.00005311,0.00003979,-0.00001321,0.00002670
AVGO,0.00004209,0.00005401,0.00006061,0.00011476,0.00004113,0.00006859,0.00002811,0.00003087,0.00005400,0.00000980,0.00007380,0.00003862,0.00004289,0.00003993,0.00007309,0.00006031,0.00000746,0.00004935,0.00005596,0.00006638,0.00006761,0.00006331,0.00004057,-0.00001409,0.00007138,0.00002064,0.00040450,0.00006737,0.00004708,0.00006175,0.00005838,0.00005782,0.00004440,0.00008707,0.00004405,0.00004631,0.00004227,0.00007637,0.00004459,0.00004777,0.00006150,0.00003702,0.00011273,0.00004448,0.00005078,0.00006289,0.00005199,0.00004822,0.00011395,0.00006493
COST,0.00002506,0.00007535,0.00006561,0.00006815,0.00003627,0.00003928,0.00004606,0.00004872,0.00007128,0.00003264,0.00002531,0.00005899,0.00003278,0.00004943,0.00003614,0.00004774,0.00004816,0.00001971,0.00004705,0.00005260,0.00005550,0.00002874,0.00007427,0.00002349,0.00002648,0.00000844,0.00006737,0.00036544,0.00004249,0.00004176,0.00005341,0.00007373,0.00004781,0.00003486,0.00004274,0.00004810,0.00005235,0.00000872,0.00004750,0.00005003,0.00004535,0.00003112,0.00004300,0.00002971,0.00002887,0.00008081,0.00003246,0.00007155,0.00009197,0.00004426
NKE,0.00007121,0.00007752,0.00004567,0.00010264,0.00007912,0.00008510,0.00006514,0.00004914,0.00011147,0.00007722,0.00013142,0.00008618,0.00005664,0.00010963,0.00003948,0.00004686,0.00008358,0.00005274,0.00004155,0.00007502,0.00008514,0.00012807,0.00008453,0.00006371,0.00004073,0.00004087,0.00004708,0.00004249,0.00041007,0.00004797,0.00005519,0.00006963,0.00007069,0.00005336,0.00002073,0.00008226,0.00005874,0.00007780,0.00008359,0.00007573,0.00006941,0.00004200,0.00010198,0.00005901,0.00006515,0.00006394,0.00006427,0.00007842,0.00004460,0.00007923
MRK,0.00006124,0.00007265,0.00006358,0.00005024,0.00007106,0.00004330,0.00009354,0.00004025,0.00007020,0.00005507,0.00009794,0.00008598,0.00004323,0.00005942,0.00004808,0.00006107,-0.00001203,0.00002407,0.00003528,0.00003776,0.00007239,0.00007216,0.00006148,0.00005282,0.00003701,0.00006128,0.00006175,0.00004176,0.00004797,0.00043286,0.00001372,0.00007629,0.00004980,0.00009115,0.00005011,0.00004570,0.00008029,0.00006868,0.00007270,0.00008946,0.00007941,0.00006699,0.00008241,0.00008559,0.00006573,0.00005720,-0.00000933,0.00007145,0.00008612,0.00010684
XOM,0.00006376,0.00003075,0.00005111,0.00002974,0.00007671,0.00010304,0.00006978,0.00005697,0.00013041,0.00004862,0.00006681,0.00004522,0.00005123,0.00007404,0.00003811,0.00004833,0.00005073,0.00005393,0.00004190,0.00005913,0.00004604,0.00007909,0.00007780,0.00006361,0.00002093,0.00003737,0.00005838,0.00005341,0.00005519,0.00001372,0.00036352,0.00008577,0.00005018,0.00003267,0.00007001,0.00005890,0.00003624,0.00008141,0.00005019,0.00003834,0.00006636,0.00008574,0.00008703,0.00001719,0.00005937,0.00007280,0.00007718,0.00005443,0.00003794,0.00006457
CVX,0.00006126,0.00009662,0.00010145,0.00006110,0.00009442,0.00007237,0.00006727,0.00010039,0.00004682,0.00009295,0.00005874,0.00003555,0.00006555,0.00006161,0.00006873,0.00006347,0.00008468,0.00003558,0.00005463,0.00005375,0.00012347,0.00007770,0.00006754,0.00004717,0.00004973,0.00005030,0.00005782,0.00007373,0.00006963,0.00007629,0.00008577,0.00043460,0.00006267,0.00009329,0.00007941,0.00005305,0.00008396,0.00009917,0.00004711,0.00008496,0.00007699,0.00006447,0.00011436,0.00008471,0.00008945,0.00004852,0.00005677,0.00013126,0.00006082,0.00009106
MCD,0.00002796,0.00002289,0.00006747,0.00004285,0.00003269,0.00008817,0.00003227,0.00004439,0.00005969,0.00006317,0.00006566,0.00003206,0.00003610,0.00004714,0.00000290,0.00003873,0.00001683,0.00002751,0.00004388,0.00006003,0.00005645,0.00006731,0.00004344,0.00006174,0.00002809,0.00003444,0.00004440,0.00004781,0.00007069,0.00004980,0.00005018,0.00006267,0.00033822,0.00003555,0.00007266,0.00003723,0.00005380,0.00008800,0.00001326,0.00006388,0.00005970,0.00006333,0.00006553,0.00001988,0.00008219,0.00005581,0.00006024,0.00006496,0.00005525,0.00005834
QCOM,0.00010942,0.00007050,0.00002577,0.00008201,0.00007739,0.00006266,0.00004570,0.00002117,0.00010108,0.00006293,0.00009253,0.00005793,0.00004185,0.00009076,0.00004401,0.00006597,0.00005245,0.00004527,0.00008566,0.00005540,0.00014238,0.00006701,0.00006763,0.00005623,0.00003454,0.00005485,0.00008707,0.00003486,0.00005336,0.00009115,0.00003267,0.00009329,0.00003555,0.00044058,0.00006576,0.00007775,0.00004368,0.00005535,0.00001532,0.00008583,0.00010135,0.00003303,0.00009385,0.00006774,0.00008951,0.00005942,0.00003210,0.00006458,0.00007466,0.00011045
TXN,0.00008728,0.00005480,0.00009085,0.00010827,0.00006759,0.00007432,0.00003919,0.00006888,0.00010457,0.00003575,0.00010709,0.00005622,0.00006609,0.00005565,0.00005282,0.00005073,0.00007617,0.00009193,0.00003047,0.00007475,0.00011023,0.00008377,0.00007732,0.00004489,0.00003460,0.00006030,0.00004405,0.00004274,0.00002073,0.00005011,0.00007001,0.00007941,0.00007266,0.00006576,0.00034197,0.00009383,0.00007884,0.00006083,0.00008104,0.00010220,0.00007033,0.00005461,0.00008340,0.00005711,0.00006053,0.00008604,0.00006715,0.00004571,0.00004715,0.00007793
HON,0.00006288,0.00004148,0.00006470,0.00009878,0.00004562,0.00006059,0.00007721,0.00007909,0.00010343,0.00004444,0.00007106,0.00005909,0.00008720,0.00004817,0.00005922,0.00004029,0.00005484,0.00003261,0.00003450,0.00007399,0.00009617,0.00009212,0.00006078,0.00005759,0.00004083,0.00001810,0.00004631,0.00004810,0.00008226,0.00004570,0.00005890,0.00005305,0.00003723,0.00007775,0.00009383,0.00040571,0.00004178,0.00005391,0.00007525,0.00006055,0.00005991,0.00005433,0.00007960,0.00006603,0.00002276,0.00005412,0.00007586,0.00009226,0.00003587,0.00005026
UPS,0.00003199,0.00004929,0.00005499,0.00009637,0.00007641,0.00007182,0.00001980,0.00005125,0.00008173,0.00003513,0.00005646,0.00003629,0.00004447,0.00007629,0.00005811,0.00004384,0.00002396,0.00004205,0.00000707,0.00007853,0.00006547,0.00006146,0.00004317,0.00000192,0.00002531,0.00005076,0.00004227,0.00005235,0.00005874,0.00008029,0.00003624,0.00008396,0.00005380,0.00004368,0.00007884,0.00004178,0.00035750,0.00006644,0.00004857,0.00005238,0.00006131,0.00008206,0.00005062,0.00005475,0.00001199,0.00007252,0.00005100,0.00002474,0.00004747,0.00004860
UNH,0.00004505,0.00004103,0.00005990,0.00002923,0.00005071,0.00007384,0.00005127,0.00005995,0.00007203,0.00007421,0.00009602,0.00000731,0.00007477,0.00006686,0.00005832,0.00005505,0.00004316,0.00002915,0.00004835,0.00007855,0.00009620,0.00011636,0.00009184,0.00002447,0.00003758,0.00005987,0.00007637,0.00000872,0.00007780,0.00006868,0.00008141,0.00009917,0.00008800,0.00005535,0.00006083,0.00005391,0.00006644,0.00036420,0.00010295,0.00004819,0.00008150,0.00005515,0.00007884,0.00004295,0.00008676,0.00007585,0.00005037,0.00007127,0.00006960,0.00006818
BMY,0.00007114,0.00005977,0.00005272,0.00010015,0.00008025,0.00004968,0.00007982,0.00002809,0.00009644,0.00003817,0.00006948,0.00007319,0.00005486,0.00004161,0.00008648,0.00005680,0.00006122,0.00002165,0.00003053,0.00004077,0.00007227,0.00008493,0.00007426,0.00004139,0.00004234,0.00010201,0.00004459,0.00004750,0.00008359,0.00007270,0.00005019,0.00004711,0.00001326,0.00001532,0.00008104,0.00007525,0.00004857,0.00010295,0.00040844,0.00011224,0.00006683,0.00005005,0.00007996,0.00005361,0.00006617,0.00007428,0.00007505,0.00003208,0.00004263,0.00007266
SBUX,0.00010381,0.00007686,0.00008771,0.00006848,0.00002143,0.00007692,0.00008158,0.00007543,0.00012783,0.00003127,0.00008363,0.00008620,0.00008023,0.00005421,0.00003210,0.00005316,0.00007058,0.00004738,0.00009149,0.00004009,0.00008523,0.00008451,0.00007331,0.00006504,0.00008775,0.00007610,0.00004777,0.00005003,0.00007573,0.00008946,0.00003834,0.00008496,0.00006388,0.00008583,0.00010220,0.00006055,0.00005238,0.00004819,0.00011224,0.00039584,0.00010050,0.00006738,0.00010058,0.00008135,0.00005078,0.00001639,0.00002436,0.00005982,0.00001936,0.00005984
AMD,0.00005715,0.00005188,0.00006514,0.00008549,0.00003162,0.00008040,0.00005106,0.00006322,0.00010442,0.00004532,0.00005972,0.00003682,0.00007633,0.00004877,0.00006162,0.00007076,0.00003056,0.00004460,0.00009778,0.00003839,0.00009326,0.00008513,0.00004783,0.00004207,0.00003758,0.00005880,0.00006150,0.00004535,0.00006941,0.00007941,0.00006636,0.00007699,0.00005970,0.00010135,0.00007033,0.00005991,0.00006131,0.00008150,0.00006683,0.00010050,0.00040602,0.00005140,0.00007088,0.00005636,0.00010770,0.00009388,0.00006304,0.00002886,0.00004685,0.00007738
GS,0.00005505,0.00001802,0.00003602,0.00005884,0.00002864,0.00007102,0.00008206,0.00002764,0.00005504,0.00003321,0.00003417,0.00002606,0.00002698,0.00003088,0.00003186,0.00004354,0.00004261,0.00003074,-0.00000247,0.00003408,0.00004558,0.00007071,0.00002239,0.00006739,0.00007207,0.00000140,0.00003702,0.00003112,0.00004200,0.00006699,0.00008574,0.00006447,0.00006333,0.00003303,0.00005461,0.00005433,0.00008206,0.00005515,0.00005005,0.00006738,0.00005140,0.00043013,0.00009065,0.00008070,-0.00000172,0.00002892,0.00006167,0.00006121,0.00002082,0.00005843
MS,0.00007194,0.00006830,0.00009550,0.00009498,0.00011490,0.00006679,0.00009259,0.00007156,0.00009130,0.00005235,0.00009411,0.00006245,0.00004699,0.00006152,0.00006416,0.00005954,0.00005678,0.00005650,0.00007020,0.00010596,0.00009741,0.00011141,0.00008268,0.00008024,0.00008145,0.00002719,0.00011273,0.00004300,0.00010198,0.00008241,0.00008703,0.00011436,0.00006553,0.00009385,0.00008340,0.00007960,0.00005062,0.00007884,0.00007996,0.00010058,0.00007088,0.00009065,0.00041361,0.00008251,0.00005809,0.00006048,0.00008894,0.00002694,0.00005123,0.00012202
BLK,0.00007817,0.00006325,0.00002176,0.00006085,0.00004609,0.00007307,0.00004853,0.00006722,0.00005801,0.00005186,0.00008537,0.00009536,0.00001628,0.00010168,0.00005266,0.00004603,0.00005900,0.00001823,0.00006112,0.00007226,0.00008725,0.00004346,0.00008503,0.00004424,0.00005474,0.00005613,0.00004448,0.00002971,0.00005901,0.00008559,0.00001719,0.00008471,0.00001988,0.00006774,0.00005711,0.00006603,0.00005475,0.00004295,0.00005361,0.00008135,0.00005636,0.00008070,0.00008251,0.00039582,0.00004413,0.00007708,0.00007656,0.00006078,0.00004917,0.00007356
SCHW,0.00008490,0.00003877,0.00008593,0.00004413,0.00004602,0.00004677,0.00003367,0.00003604,0.00010441,0.00004597,0.00010106,0.00007029,0.00003166,0.00003298,0.00003612,0.00005063,0.00004894,0.00002030,0.00005987,0.00002907,0.00011625,0.00006715,0.00008815,0.00005380,0.00002331,0.00006857,0.00005078,0.00002887,0.00006515,0.00006573,0.00005937,0.00008945,0.00008219,0.00008951,0.00006053,0.00002276,0.00001199,0.00008676,0.00006617,0.00005078,0.00010770,-0.00000172,0.00005809,0.00004413,0.00035104,0.00005110,0.00004841,0.00004550,0.00007095,0.00010372
AXP,0.00006265,0.00004037,0.00010638,0.00008717,0.00006567,0.00007384,0.00005313,0.00002274,0.00004589,0.00002250,0.00008633,0.00004505,0.00003086,0.00004802,0.00007500,0.00008090,0.00002744,0.00001791,0.00004898,0.00005909,0.00008519,0.00006536,0.00005697,0.00005134,0.00002998,0.00002078,0.00006289,0.00008081,0.00006394,0.00005720,0.00007280,0.00004852,0.00005581,0.00005942,0.00008604,0.00005412,0.00007252,0.00007585,0.00007428,0.00001639,0.00009388,0.00002892,0.00006048,0.00007708,0.00005110,0.00040506,0.00007990,0.00003562,0.00005980,0.00004655
C,0.00002708,0.00002564,0.00004242,0.00004503,0.00005328,0.00010225,0.00001025,0.00002271,0.00005057,0.00005427,0.00006474,0.00008056,0.00003441,0.00006789,0.00003476,0.00002552,0.00005731,0.00004423,0.00002138,0.00006991,0.00004778,0.00007357,0.00005966,0.00001949,0.00003710,0.00005311,0.00005199,0.00003246,0.00006427,-0.00000933,0.00007718,0.00005677,0.00006024,0.00003210,0.00006715,0.00007586,0.00005100,0.00005037,0.00007505,0.00002436,0.00006304,0.00006167,0.00008894,0.00007656,0.00004841,0.00007990,0.00038954,0.00008182,0.00004305,0.00007191
SQ,0.00004795,0.00002264,0.00008624,0.00004093,0.00006450,0.00006868,0.00004218,0.00005207,0.00005383,0.00009638,0.00009553,0.00005953,0.00001959,0.00009810,0.00005754,0.00004338,0.00006717,0.00005253,0.00006676,0.00004802,0.00009987,0.00007691,0.00008170,0.00003609,0.00005494,0.00003979,0.00004822,0.00007155,0.00007842,0.00007145,0.00005443,0.00013126,0.00006496,0.00006458,0.00004571,0.00009226,0.00002474,0.00007127,0.00003208,0.00005982,0.00002886,0.00006121,0.00002694,0.00006078,0.00004550,0.00003562,0.00008182,0.00039668,0.00006383,0.00005308
COIN,0.00005397,0.00003067,0.00000139,0.00007519,0.00002235,0.00006711,0.00002640,0.00006012,0.00000128,0.00005494,0.00009610,0.00006144,0.00004767,0.00006122,0.00005207,0.00006838,0.00002615,0.00003574,0.00008424,0.00002149,0.00005234,0.00003493,0.00005433,0.00005473,0.00002913,-0.00001321,0.00011395,0.00009197,0.00004460,0.00008612,0.00003794,0.00006082,0.00005525,0.00007466,0.00004715,0.00003587,0.00004747,0.00006960,0.00004263,0.00001936,0.00004685,0.00002082,0.00005123,0.00004917,0.00007095,0.00005980,0.00004305,0.00006383,0.00037057,0.00003229
HOOD,0.00006015,0.00004540,0.00006487,0.00006978,0.00010806,0.00004279,0.00005924,0.00005470,0.00007911,0.00005693,0.00010280,0.00008242,0.00003491,0.00008374,0.00005762,0.00005257,0.00004048,0.00004544,0.00008230,0.00007115,0.00010355,0.00010308,0.00006798,0.00005250,0.00003618,0.00002670,0.00006493,0.00004426,0.00007923,0.00010684,0.00006457,0.00009106,0.00005834,0.00011045,0.00007793,0.00005026,0.00004860,0.00006818,0.00007266,0.00005984,0.00007738,0.00005843,0.00012202,0.00007356,0.00010372,0.00004655,0.00007191,0.00005308,0.00003229,0.00040899
